大区分,品名,相数,容量,1次,2次,結線,CP,コード,型式,定価,貴社仕切
油入変圧器,ﾄｯﾌﾟﾗﾝﾅｰⅢ 油入 60Hz,1,10,JIS6K(3ﾀｯﾌﾟ),210-105,単三専用,無,1432-0112,3OT1P10K66K2,1507000 ,449600 
油入変圧器,ﾄｯﾌﾟﾗﾝﾅｰⅢ 油入 60Hz,1,20,JIS6K(3ﾀｯﾌﾟ),210-105,単三専用,無,1432-0122,3OT1P20K66K2,1765000 ,526800 
油入変圧器,ﾄｯﾌﾟﾗﾝﾅｰⅢ 油入 60Hz,1,30,JIS6K(3ﾀｯﾌﾟ),210-105,単三専用,無,1432-0132,3OT1P30K66K2,2004000 ,598000 
油入変圧器,ﾄｯﾌﾟﾗﾝﾅｰⅢ 油入 60Hz,1,50,JIS6K(3ﾀｯﾌﾟ),210-105,単三専用,無,1432-0152,3OT1P50K66K2,2458000 ,733600 
油入変圧器,ﾄｯﾌﾟﾗﾝﾅｰⅢ 油入 60Hz,1,75,JIS6K(5ﾀｯﾌﾟ),210-105,単三専用,無,1433-0172,3OT1P75K66K2,3045000 ,908800 
油入変圧器,ﾄｯﾌﾟﾗﾝﾅｰⅢ 油入 60Hz,1,100,JIS6K(5ﾀｯﾌﾟ),210-105,単三専用,無,1433-0103,3OT1P100K66K2,3675000 ,1096800 
油入変圧器,ﾄｯﾌﾟﾗﾝﾅｰⅢ 油入 60Hz,1,150,JIS6K(5ﾀｯﾌﾟ),210-105,単三専用,無,1433-0112,3OT1P150K66K2,4916000 ,1467200 
油入変圧器,ﾄｯﾌﾟﾗﾝﾅｰⅢ 油入 60Hz,1,200,JIS6K(5ﾀｯﾌﾟ),210-105,単三専用,無,1433-0122,3OT1P200K66K2,6080000 ,1814800 
油入変圧器,ﾄｯﾌﾟﾗﾝﾅｰⅢ 油入 60Hz,1,300,JIS6K(5ﾀｯﾌﾟ),210-105,単三専用,無,1434-0132,3OT1P300K66K2,8469000 ,2528000 
油入変圧器,ﾄｯﾌﾟﾗﾝﾅｰⅢ 油入 60Hz,1,500,JIS6K(5ﾀｯﾌﾟ),210-105,単三専用,無,1434-0152,3OT1P500K66K2,13890000 ,4146000 
油入変圧器,ﾄｯﾌﾟﾗﾝﾅｰⅢ 油入 60Hz,3,20,JIS6K(3ﾀｯﾌﾟ),210,Y/Y,無,1432-0321,3OT3P20K66K2,2178000 ,650000 
油入変圧器,ﾄｯﾌﾟﾗﾝﾅｰⅢ 油入 60Hz,3,30,JIS6K(3ﾀｯﾌﾟ),210,Y/Y,無,1432-0331,3OT3P30K66K2,2395000 ,714800 
油入変圧器,ﾄｯﾌﾟﾗﾝﾅｰⅢ 油入 60Hz,3,50,JIS6K(3ﾀｯﾌﾟ),210,Y/Y,無,1432-0351,3OT3P50K66K2,2875000 ,858000 
油入変圧器,ﾄｯﾌﾟﾗﾝﾅｰⅢ 油入 60Hz,3,75,JIS6K(5ﾀｯﾌﾟ),210,Y/Δ,無,1433-0372,3OT3P75K66K2,3438000 ,1026000 
油入変圧器,ﾄｯﾌﾟﾗﾝﾅｰⅢ 油入 60Hz,3,100,JIS6K(5ﾀｯﾌﾟ),210,Y/Δ,無,1433-0302,3OT3P100K66K2,4046000 ,1207600 
油入変圧器,ﾄｯﾌﾟﾗﾝﾅｰⅢ 油入 60Hz,3,150,JIS6K(5ﾀｯﾌﾟ),210,Y/Δ,無,1433-0311,3OT3P150K66K2,5216000 ,1556800 
油入変圧器,ﾄｯﾌﾟﾗﾝﾅｰⅢ 油入 60Hz,3,200,JIS6K(5ﾀｯﾌﾟ),210,Y/Δ,無,1433-0322,3OT3P200K66K2,6344000 ,1893600 
油入変圧器,ﾄｯﾌﾟﾗﾝﾅｰⅢ 油入 60Hz,3,300,JIS6K(5ﾀｯﾌﾟ),210,Y/Δ,無,1434-0332,3OT3P300K66K2,9324000 ,2783200 
油入変圧器,ﾄｯﾌﾟﾗﾝﾅｰⅢ 油入 60Hz,3,500,JIS6K(5ﾀｯﾌﾟ),210,Y/Δ,無,1434-0352,3OT3P500K66K2,14852000 ,4433200 
油入変圧器,ﾄｯﾌﾟﾗﾝﾅｰⅢ 油入 60Hz,3,750,JIS6K(5ﾀｯﾌﾟ),210,Δ/Δ,無,1434-0372,3OT3P750K66K2,19045000 ,5684800 
油入変圧器,ﾄｯﾌﾟﾗﾝﾅｰⅢ 油入 60Hz,3,1000,JIS6K(5ﾀｯﾌﾟ),210,Δ/Δ,無,1434-0302,3OT3P1000K66K2,25389000 ,7578800 
油入変圧器,ﾄｯﾌﾟﾗﾝﾅｰⅢ 油入 60Hz,3,1500,JIS6K(5ﾀｯﾌﾟ),210,Δ/Δ,無,1434-2116,3OT3P1500K66K2,38284000 ,11428000 
油入変圧器,ﾄｯﾌﾟﾗﾝﾅｰⅢ 油入 60Hz,3,2000,JIS6K(5ﾀｯﾌﾟ),210,Δ/Δ,無,1434-2126,3OT3P2000K66K2,50777000 ,15157200 
油入変圧器,ﾄｯﾌﾟﾗﾝﾅｰⅢ 油入 60Hz,1,10,JIS6K(3ﾀｯﾌﾟ),210-105,単三専用,CP,1432-2014,3OT1P10K66K2C,1655000 ,494000 
油入変圧器,ﾄｯﾌﾟﾗﾝﾅｰⅢ 油入 60Hz,1,20,JIS6K(3ﾀｯﾌﾟ),210-105,単三専用,CP,1432-2024,3OT1P20K66K2C,1942000 ,579600 
油入変圧器,ﾄｯﾌﾟﾗﾝﾅｰⅢ 油入 60Hz,1,30,JIS6K(3ﾀｯﾌﾟ),210-105,単三専用,CP,1432-2034,3OT1P30K66K2C,2203000 ,657600 
油入変圧器,ﾄｯﾌﾟﾗﾝﾅｰⅢ 油入 60Hz,1,50,JIS6K(3ﾀｯﾌﾟ),210-105,単三専用,CP,1432-2054,3OT1P50K66K2C,2705000 ,807200 
油入変圧器,ﾄｯﾌﾟﾗﾝﾅｰⅢ 油入 60Hz,1,75,JIS6K(5ﾀｯﾌﾟ),210-105,単三専用,CP,1433-2074,3OT1P75K66K2C,3349000 ,999600 
油入変圧器,ﾄｯﾌﾟﾗﾝﾅｰⅢ 油入 60Hz,1,100,JIS6K(5ﾀｯﾌﾟ),210-105,単三専用,CP,1433-2004,3OT1P100K66K2C,4046000 ,1207600 
油入変圧器,ﾄｯﾌﾟﾗﾝﾅｰⅢ 油入 60Hz,1,150,JIS6K(5ﾀｯﾌﾟ),210-105,単三専用,CP,1433-2014,3OT1P150K66K2C,5406000 ,1613600 
油入変圧器,ﾄｯﾌﾟﾗﾝﾅｰⅢ 油入 60Hz,1,200,JIS6K(5ﾀｯﾌﾟ),210-105,単三専用,CP,1433-2024,3OT1P200K66K2C,6687000 ,1996000 
油入変圧器,ﾄｯﾌﾟﾗﾝﾅｰⅢ 油入 60Hz,1,300,JIS6K(5ﾀｯﾌﾟ),210-105,単三専用,CP,1434-2034,3OT1P300K66K2C,9320000 ,2782000 
油入変圧器,ﾄｯﾌﾟﾗﾝﾅｰⅢ 油入 60Hz,1,500,JIS6K(5ﾀｯﾌﾟ),210-105,単三専用,CP,1434-2054,3OT1P500K66K2C,15281000 ,4561200 
油入変圧器,ﾄｯﾌﾟﾗﾝﾅｰⅢ 油入 60Hz,3,20,JIS6K(5ﾀｯﾌﾟ),210,Y/Y,CP,1432-2124,3OT3P20K66K2C,2395000 ,714800 
油入変圧器,ﾄｯﾌﾟﾗﾝﾅｰⅢ 油入 60Hz,3,30,JIS6K(5ﾀｯﾌﾟ),210,Y/Y,CP,1432-2134,3OT3P30K66K2C,2638000 ,787200 
油入変圧器,ﾄｯﾌﾟﾗﾝﾅｰⅢ 油入 60Hz,3,50,JIS6K(5ﾀｯﾌﾟ),210,Y/Y,CP,1432-2154,3OT3P50K66K2C,3159000 ,942800 
油入変圧器,ﾄｯﾌﾟﾗﾝﾅｰⅢ 油入 60Hz,3,75,JIS6K(5ﾀｯﾌﾟ),210,Y/Δ,CP,1433-2180,3OT3P75K66K2C,3786000 ,1130000 
油入変圧器,ﾄｯﾌﾟﾗﾝﾅｰⅢ 油入 60Hz,3,100,JIS6K(5ﾀｯﾌﾟ),210,Y/Δ,CP,1433-2181,3OT3P100K66K2C,4448000 ,1327600 
油入変圧器,ﾄｯﾌﾟﾗﾝﾅｰⅢ 油入 60Hz,3,150,JIS6K(5ﾀｯﾌﾟ),210,Y/Δ,CP,1433-2182,3OT3P150K66K2C,5736000 ,1712000 
油入変圧器,ﾄｯﾌﾟﾗﾝﾅｰⅢ 油入 60Hz,3,200,JIS6K(5ﾀｯﾌﾟ),210,Y/Δ,CP,1433-2183,3OT3P200K66K2C,6974000 ,2081600 
油入変圧器,ﾄｯﾌﾟﾗﾝﾅｰⅢ 油入 60Hz,3,300,JIS6K(5ﾀｯﾌﾟ),210,Y/Δ,CP,1434-2140,3OT3P300K66K2C,10258000 ,3062000 
油入変圧器,ﾄｯﾌﾟﾗﾝﾅｰⅢ 油入 60Hz,3,500,JIS6K(5ﾀｯﾌﾟ),210,Y/Δ,CP,1434-2141,3OT3P500K66K2C,16338000 ,4876800 
油入変圧器,ﾄｯﾌﾟﾗﾝﾅｰⅢ 油入 60Hz,3,750,JIS6K(5ﾀｯﾌﾟ),210,Δ/Δ,CP,1434-2174,3OT3P750K66K2C,20950000 ,6253600 
油入変圧器,ﾄｯﾌﾟﾗﾝﾅｰⅢ 油入 60Hz,3,1000,JIS6K(5ﾀｯﾌﾟ),210,Δ/Δ,CP,1434-2104,3OT3P1000K66K2C,27930000 ,8337200 
油入変圧器,ﾄｯﾌﾟﾗﾝﾅｰⅢ 油入 60Hz,3,1500,JIS6K(5ﾀｯﾌﾟ),210,Δ/Δ,CP,1434-2117,3OT3P1500K66K2C,42110000 ,12570000 
油入変圧器,ﾄｯﾌﾟﾗﾝﾅｰⅢ 油入 60Hz,3,2000,JIS6K(5ﾀｯﾌﾟ),210,Δ/Δ,CP,1434-2127,3OT3P2000K66K2C,55854000 ,16672800 
油入変圧器,ﾄｯﾌﾟﾗﾝﾅｰⅢ 油入 60Hz,1,10,JIS6-3K(3ﾀｯﾌﾟ),210-105,単三専用,CP,1432-2015,3OT1P10K663K2,1655000 ,494000 
油入変圧器,ﾄｯﾌﾟﾗﾝﾅｰⅢ 油入 60Hz,1,20,JIS6-3K(3ﾀｯﾌﾟ),210-105,単三専用,CP,1432-2025,3OT1P20K663K2,1942000 ,579600 
油入変圧器,ﾄｯﾌﾟﾗﾝﾅｰⅢ 油入 60Hz,1,30,JIS6-3K(3ﾀｯﾌﾟ),210-105,単三専用,CP,1432-2035,3OT1P30K663K2,2203000 ,657600 
油入変圧器,ﾄｯﾌﾟﾗﾝﾅｰⅢ 油入 60Hz,1,50,JIS6-3K(3ﾀｯﾌﾟ),210-105,単三専用,CP,1432-2055,3OT1P50K663K2,2705000 ,807200 
油入変圧器,ﾄｯﾌﾟﾗﾝﾅｰⅢ 油入 60Hz,1,75,JIS6-3K(5ﾀｯﾌﾟ),210-105,単三専用,CP,1433-2075,3OT1P75K663K2,3349000 ,999600 
油入変圧器,ﾄｯﾌﾟﾗﾝﾅｰⅢ 油入 60Hz,1,100,JIS6-3K(5ﾀｯﾌﾟ),210-105,単三専用,CP,1433-2005,3OT1P100K663K2,4046000 ,1207600 
油入変圧器,ﾄｯﾌﾟﾗﾝﾅｰⅢ 油入 60Hz,1,150,JIS6-3K(5ﾀｯﾌﾟ),210-105,単三専用,CP,1433-2015,3OT1P150K663K2,5406000 ,1613600 
油入変圧器,ﾄｯﾌﾟﾗﾝﾅｰⅢ 油入 60Hz,1,200,JIS6-3K(5ﾀｯﾌﾟ),210-105,単三専用,CP,1433-2025,3OT1P200K663K2,6687000 ,1996000 
油入変圧器,ﾄｯﾌﾟﾗﾝﾅｰⅢ 油入 60Hz,1,300,JIS6-3K(5ﾀｯﾌﾟ),210-105,単三専用,CP,1434-2035,3OT1P300K663K2,9320000 ,2782000 
油入変圧器,ﾄｯﾌﾟﾗﾝﾅｰⅢ 油入 60Hz,1,500,JIS6-3K(5ﾀｯﾌﾟ),210-105,単三専用,CP,1434-2055,3OT1P500K663K2,15281000 ,4561200 
油入変圧器,ﾄｯﾌﾟﾗﾝﾅｰⅢ 油入 60Hz,3,20,JIS6-3K(3ﾀｯﾌﾟ),210,Y/Y,CP,1432-2126,3OT3P20K663K2,2395000 ,714800 
油入変圧器,ﾄｯﾌﾟﾗﾝﾅｰⅢ 油入 60Hz,3,30,JIS6-3K(3ﾀｯﾌﾟ),210,Y/Y,CP,1432-2136,3OT3P30K663K2,2638000 ,787200 
油入変圧器,ﾄｯﾌﾟﾗﾝﾅｰⅢ 油入 60Hz,3,50,JIS6-3K(3ﾀｯﾌﾟ),210,Y/Y,CP,1432-2156,3OT3P50K663K2,3159000 ,942800 
油入変圧器,ﾄｯﾌﾟﾗﾝﾅｰⅢ 油入 60Hz,3,75,JIS6-3K(5ﾀｯﾌﾟ),210,Y/Δ,CP,1433-2184,3OT3P75K663K2,3786000 ,1130000 
油入変圧器,ﾄｯﾌﾟﾗﾝﾅｰⅢ 油入 60Hz,3,100,JIS6-3K(5ﾀｯﾌﾟ),210,Y/Δ,CP,1433-2100,3OT3P100K663K2,4448000 ,1327600 
油入変圧器,ﾄｯﾌﾟﾗﾝﾅｰⅢ 油入 60Hz,3,150,JIS6-3K(5ﾀｯﾌﾟ),210,Y/Δ,CP,1433-2120,3OT3P150K663K2,5736000 ,1712000 
油入変圧器,ﾄｯﾌﾟﾗﾝﾅｰⅢ 油入 60Hz,3,200,JIS6-3K(5ﾀｯﾌﾟ),210,Y/Δ,CP,1433-2130,3OT3P200K663K2,6974000 ,2081600 
油入変圧器,ﾄｯﾌﾟﾗﾝﾅｰⅢ 油入 60Hz,3,300,JIS6-3K(5ﾀｯﾌﾟ),210,Y/Δ,CP,1434-2142,3OT3P300K663K2,10258000 ,3062000 
油入変圧器,ﾄｯﾌﾟﾗﾝﾅｰⅢ 油入 60Hz,3,500,JIS6-3K(5ﾀｯﾌﾟ),210,Y/Δ,CP,1434-2143,3OT3P500K663K2,16338000 ,4876800 
油入変圧器,ﾄｯﾌﾟﾗﾝﾅｰⅢ 油入 60Hz,3,750,JIS6-3K(5ﾀｯﾌﾟ),210,Δ/Δ,CP,1434-2144,3OT3P750K663K2,20950000 ,6253600 
油入変圧器,ﾄｯﾌﾟﾗﾝﾅｰⅢ 油入 60Hz,3,1000,JIS6-3K(5ﾀｯﾌﾟ),210,Δ/Δ,CP,1434-2145,3OT3P1000K663K2,27930000 ,8337200 
油入変圧器,ﾄｯﾌﾟﾗﾝﾅｰⅢ 油入 60Hz,3,1500,JIS6-3K(5ﾀｯﾌﾟ),210,Δ/Δ,CP,1434-2146,3OT3P1500K663K2,42110000 ,12570000 
油入変圧器,ﾄｯﾌﾟﾗﾝﾅｰⅢ 油入 60Hz,3,2000,JIS6-3K(5ﾀｯﾌﾟ),210,Δ/Δ,CP,1434-2149,3OT3P2000K663K2,55854000 ,16672800 
油入変圧器,ﾄｯﾌﾟﾗﾝﾅｰⅢ 油入 60Hz,1,10,JIS3K(3ﾀｯﾌﾟ),210-105,単三専用,CP,1432-2016,3OT1P10K63K2,1584000 ,472800 
油入変圧器,ﾄｯﾌﾟﾗﾝﾅｰⅢ 油入 60Hz,1,20,JIS3K(3ﾀｯﾌﾟ),210-105,単三専用,CP,1432-2026,3OT1P20K63K2,1856000 ,554000 
油入変圧器,ﾄｯﾌﾟﾗﾝﾅｰⅢ 油入 60Hz,1,30,JIS3K(3ﾀｯﾌﾟ),210-105,単三専用,CP,1432-2036,3OT1P30K63K2,2102000 ,627200 
油入変圧器,ﾄｯﾌﾟﾗﾝﾅｰⅢ 油入 60Hz,1,50,JIS3K(3ﾀｯﾌﾟ),210-105,単三専用,CP,1432-2056,3OT1P50K63K2,2583000 ,770800 
油入変圧器,ﾄｯﾌﾟﾗﾝﾅｰⅢ 油入 60Hz,1,75,JIS3K(5ﾀｯﾌﾟ),210-105,単三専用,CP,1433-2076,3OT1P75K63K2,3196000 ,954000 
油入変圧器,ﾄｯﾌﾟﾗﾝﾅｰⅢ 油入 60Hz,1,100,JIS3K(5ﾀｯﾌﾟ),210-105,単三専用,CP,1433-2006,3OT1P100K63K2,3862000 ,1152800 
油入変圧器,ﾄｯﾌﾟﾗﾝﾅｰⅢ 油入 60Hz,1,150,JIS3K(5ﾀｯﾌﾟ),210-105,単三専用,CP,1433-2016,3OT1P150K63K2,5159000 ,1540000 
油入変圧器,ﾄｯﾌﾟﾗﾝﾅｰⅢ 油入 60Hz,1,200,JIS3K(5ﾀｯﾌﾟ),210-105,単三専用,CP,1433-2026,3OT1P200K63K2,6390000 ,1907200 
油入変圧器,ﾄｯﾌﾟﾗﾝﾅｰⅢ 油入 60Hz,1,300,JIS3K(5ﾀｯﾌﾟ),210-105,単三専用,CP,1434-2036,3OT1P300K63K2,8894000 ,2654800 
油入変圧器,ﾄｯﾌﾟﾗﾝﾅｰⅢ 油入 60Hz,1,500,JIS3K(5ﾀｯﾌﾟ),210-105,単三専用,CP,1434-2056,3OT1P500K63K2,14586000 ,4354000 
油入変圧器,ﾄｯﾌﾟﾗﾝﾅｰⅢ 油入 60Hz,3,20,JIS3K(3ﾀｯﾌﾟ),210,Y/Y,CP,1432-2127,3OT3P20K63K2,2284000 ,681600 
油入変圧器,ﾄｯﾌﾟﾗﾝﾅｰⅢ 油入 60Hz,3,30,JIS3K(3ﾀｯﾌﾟ),210,Y/Y,CP,1432-2137,3OT3P30K63K2,2518000 ,751600 
油入変圧器,ﾄｯﾌﾟﾗﾝﾅｰⅢ 油入 60Hz,3,50,JIS3K(3ﾀｯﾌﾟ),210,Y/Y,CP,1432-2157,3OT3P50K63K2,3015000 ,900000 
油入変圧器,ﾄｯﾌﾟﾗﾝﾅｰⅢ 油入 60Hz,3,75,JIS3K(5ﾀｯﾌﾟ),210,Y/Δ,CP,1433-2170,3OT3P75K63K2,3610000 ,1077600 
油入変圧器,ﾄｯﾌﾟﾗﾝﾅｰⅢ 油入 60Hz,3,100,JIS3K(5ﾀｯﾌﾟ),210,Y/Δ,CP,1433-2110,3OT3P100K63K2,4251000 ,1268800 
油入変圧器,ﾄｯﾌﾟﾗﾝﾅｰⅢ 油入 60Hz,3,150,JIS3K(5ﾀｯﾌﾟ),210,Y/Δ,CP,1433-2139,3OT3P150K63K2,5474000 ,1634000 
油入変圧器,ﾄｯﾌﾟﾗﾝﾅｰⅢ 油入 60Hz,3,200,JIS3K(5ﾀｯﾌﾟ),210,Y/Δ,CP,1433-2140,3OT3P200K63K2,6663000 ,1988800 
油入変圧器,ﾄｯﾌﾟﾗﾝﾅｰⅢ 油入 60Hz,3,300,JIS3K(5ﾀｯﾌﾟ),210,Y/Δ,CP,1434-2150,3OT3P300K63K2,9792000 ,2922800 
油入変圧器,ﾄｯﾌﾟﾗﾝﾅｰⅢ 油入 60Hz,3,500,JIS3K(5ﾀｯﾌﾟ),210,Y/Δ,CP,1434-2160,3OT3P500K63K2,15594000 ,4654800 
油入変圧器,ﾄｯﾌﾟﾗﾝﾅｰⅢ 油入 60Hz,3,750,JIS3K(5ﾀｯﾌﾟ),210,Δ/Δ,CP,1434-2161,3OT3P750K63K2,19997000 ,5969200 
油入変圧器,ﾄｯﾌﾟﾗﾝﾅｰⅢ 油入 60Hz,3,1000,JIS3K(5ﾀｯﾌﾟ),210,Δ/Δ,CP,1434-2162,3OT3P1000K63K2,26660000 ,7958000 
油入変圧器,ﾄｯﾌﾟﾗﾝﾅｰⅢ 油入 60Hz,3,1500,JIS3K(5ﾀｯﾌﾟ),210,Δ/Δ,CP,1434-2163,3OT3P1500K63K2,40198000 ,11999200 
油入変圧器,ﾄｯﾌﾟﾗﾝﾅｰⅢ 油入 60Hz,3,2000,JIS3K(5ﾀｯﾌﾟ),210,Δ/Δ,CP,1434-2164,3OT3P2000K63K2,53318000 ,15915600 
油入変圧器,ﾄｯﾌﾟﾗﾝﾅｰⅢ 油入 60Hz,3,20,JIS6-3K(3ﾀｯﾌﾟ),210,Y/Y,CP,1432-2129,3OT3P20K663K2C,2611000 ,779200 
油入変圧器,ﾄｯﾌﾟﾗﾝﾅｰⅢ 油入 60Hz,3,30,JIS6-3K(3ﾀｯﾌﾟ),210,Y/Y,CP,1432-2130,3OT3P30K663K2C,2879000 ,859200 
油入変圧器,ﾄｯﾌﾟﾗﾝﾅｰⅢ 油入 60Hz,3,50,JIS6-3K(3ﾀｯﾌﾟ),210,Y/Y,CP,1432-2139,3OT3P50K663K2C,3444000 ,1028000 
油入変圧器,ﾄｯﾌﾟﾗﾝﾅｰⅢ 油入 60Hz,3,75,JIS6-3K(5ﾀｯﾌﾟ),210,Y/Δ,CP,1433-2185,3OT3P75K663K2C,4126000 ,1231600 
油入変圧器,ﾄｯﾌﾟﾗﾝﾅｰⅢ 油入 60Hz,3,100,JIS6-3K(5ﾀｯﾌﾟ),210,Y/Δ,CP,1433-2186,3OT3P100K663K2C,4855000 ,1449200 
油入変圧器,ﾄｯﾌﾟﾗﾝﾅｰⅢ 油入 60Hz,3,150,JIS6-3K(5ﾀｯﾌﾟ),210,Y/Δ,CP,1433-2187,3OT3P150K663K2C,6256000 ,1867200 
油入変圧器,ﾄｯﾌﾟﾗﾝﾅｰⅢ 油入 60Hz,3,200,JIS6-3K(5ﾀｯﾌﾟ),210,Y/Δ,CP,1433-2188,3OT3P200K663K2C,7610000 ,2271600 
油入変圧器,ﾄｯﾌﾟﾗﾝﾅｰⅢ 油入 60Hz,3,300,JIS6-3K(5ﾀｯﾌﾟ),210,Y/Δ,CP,1434-2165,3OT3P300K663K2C,11192000 ,3340800 
油入変圧器,ﾄｯﾌﾟﾗﾝﾅｰⅢ 油入 60Hz,3,500,JIS6-3K(5ﾀｯﾌﾟ),210,Y/Δ,CP,1434-2166,3OT3P500K663K2C,17818000 ,5318800 
油入変圧器,ﾄｯﾌﾟﾗﾝﾅｰⅢ 油入 60Hz,3,750,JIS6-3K(5ﾀｯﾌﾟ),210,Δ/Δ,CP,1434-2169,3OT3P750K663K2C,22853000 ,6821600 
油入変圧器,ﾄｯﾌﾟﾗﾝﾅｰⅢ 油入 60Hz,3,1000,JIS6-3K(5ﾀｯﾌﾟ),210,Δ/Δ,CP,1434-2170,3OT3P1000K663K2C,30469000 ,9095200 
油入変圧器,ﾄｯﾌﾟﾗﾝﾅｰⅢ 油入 60Hz,3,1500,JIS6-3K(5ﾀｯﾌﾟ),210,Δ/Δ,CP,1434-2178,3OT3P1500K663K2C,45938000 ,13712800 
油入変圧器,ﾄｯﾌﾟﾗﾝﾅｰⅢ 油入 60Hz,3,2000,JIS6-3K(5ﾀｯﾌﾟ),210,Δ/Δ,CP,1434-2182,3OT3P2000K663K2C,60930000 ,18188000 
油入変圧器,ﾄｯﾌﾟﾗﾝﾅｰⅢ 油入 60Hz,3,20,JIS3K(3ﾀｯﾌﾟ),210,Y/Y,CP,1432-2104,3OT3P20K63K2C,2506000 ,748000 
油入変圧器,ﾄｯﾌﾟﾗﾝﾅｰⅢ 油入 60Hz,3,30,JIS3K(3ﾀｯﾌﾟ),210,Y/Y,CP,1432-2105,3OT3P30K63K2C,2758000 ,823200 
油入変圧器,ﾄｯﾌﾟﾗﾝﾅｰⅢ 油入 60Hz,3,50,JIS3K(3ﾀｯﾌﾟ),210,Y/Y,CP,1432-2106,3OT3P50K63K2C,3309000 ,987600 
油入変圧器,ﾄｯﾌﾟﾗﾝﾅｰⅢ 油入 60Hz,3,75,JIS3K(5ﾀｯﾌﾟ),210,Y/Δ,CP,1433-2141,3OT3P75K63K2C,3951000 ,1179200 
油入変圧器,ﾄｯﾌﾟﾗﾝﾅｰⅢ 油入 60Hz,3,100,JIS3K(5ﾀｯﾌﾟ),210,Y/Δ,CP,1433-2142,3OT3P100K63K2C,4650000 ,1388000 
油入変圧器,ﾄｯﾌﾟﾗﾝﾅｰⅢ 油入 60Hz,3,150,JIS3K(5ﾀｯﾌﾟ),210,Y/Δ,CP,1433-2143,3OT3P150K63K2C,5994000 ,1789200 
油入変圧器,ﾄｯﾌﾟﾗﾝﾅｰⅢ 油入 60Hz,3,200,JIS3K(5ﾀｯﾌﾟ),210,Y/Δ,CP,1433-2144,3OT3P200K63K2C,7299000 ,2178800 
油入変圧器,ﾄｯﾌﾟﾗﾝﾅｰⅢ 油入 60Hz,3,300,JIS3K(5ﾀｯﾌﾟ),210,Y/Δ,CP,1434-2183,3OT3P300K63K2C,10720000 ,3200000 
油入変圧器,ﾄｯﾌﾟﾗﾝﾅｰⅢ 油入 60Hz,3,500,JIS3K(5ﾀｯﾌﾟ),210,Y/Δ,CP,1434-2184,3OT3P500K63K2C,17079000 ,5098000 
油入変圧器,ﾄｯﾌﾟﾗﾝﾅｰⅢ 油入 60Hz,3,750,JIS3K(5ﾀｯﾌﾟ),210,Δ/Δ,CP,1434-2185,3OT3P750K63K2C,21901000 ,6537600 
油入変圧器,ﾄｯﾌﾟﾗﾝﾅｰⅢ 油入 60Hz,3,1000,JIS3K(5ﾀｯﾌﾟ),210,Δ/Δ,CP,1434-2186,3OT3P1000K63K2C,29198000 ,8715600 
油入変圧器,ﾄｯﾌﾟﾗﾝﾅｰⅢ 油入 60Hz,3,1500,JIS3K(5ﾀｯﾌﾟ),210,Δ/Δ,CP,1434-2187,3OT3P1500K63K2C,44025000 ,13141600 
油入変圧器,ﾄｯﾌﾟﾗﾝﾅｰⅢ 油入 60Hz,3,2000,JIS3K(5ﾀｯﾌﾟ),210,Δ/Δ,CP,1434-2188,3OT3P2000K63K2C,58395000 ,17431200 
油入変圧器,ﾄｯﾌﾟﾗﾝﾅｰⅢ 油入 60Hz,3,20,JIS6K(3ﾀｯﾌﾟ),440-254,Δ/Yn,無,1432-2226,3OT3P20K66K4,2611000 ,779200 
油入変圧器,ﾄｯﾌﾟﾗﾝﾅｰⅢ 油入 60Hz,3,30,JIS6K(3ﾀｯﾌﾟ),440-254,Δ/Yn,無,1432-2236,3OT3P30K66K4,2879000 ,859200 
油入変圧器,ﾄｯﾌﾟﾗﾝﾅｰⅢ 油入 60Hz,3,50,JIS6K(3ﾀｯﾌﾟ),440-254,Δ/Yn,無,1432-2256,3OT3P50K66K4,3444000 ,1028000 
油入変圧器,ﾄｯﾌﾟﾗﾝﾅｰⅢ 油入 60Hz,3,75,JIS6K(5ﾀｯﾌﾟ),440-254,Δ/Yn,無,1433-0378,3OT3P75K66K4,3951000 ,1179200 
油入変圧器,ﾄｯﾌﾟﾗﾝﾅｰⅢ 油入 60Hz,3,100,JIS6K(5ﾀｯﾌﾟ),440-254,Δ/Yn,無,1433-0308,3OT3P100K66K4,4650000 ,1388000 
油入変圧器,ﾄｯﾌﾟﾗﾝﾅｰⅢ 油入 60Hz,3,150,JIS6K(5ﾀｯﾌﾟ),440-254,Δ/Yn,無,1433-0318,3OT3P150K66K4,5994000 ,1789200 
油入変圧器,ﾄｯﾌﾟﾗﾝﾅｰⅢ 油入 60Hz,3,200,JIS6K(5ﾀｯﾌﾟ),440-254,Δ/Yn,無,1433-0328,3OT3P200K66K4,7299000 ,2178800 
油入変圧器,ﾄｯﾌﾟﾗﾝﾅｰⅢ 油入 60Hz,3,300,JIS6K(5ﾀｯﾌﾟ),440-254,Δ/Yn,無,1434-0338,3OT3P300K66K4,10258000 ,3062000 
油入変圧器,ﾄｯﾌﾟﾗﾝﾅｰⅢ 油入 60Hz,3,500,JIS6K(5ﾀｯﾌﾟ),440-254,Δ/Yn,無,1434-0358,3OT3P500K66K4,16338000 ,4876800 
油入変圧器,ﾄｯﾌﾟﾗﾝﾅｰⅢ 油入 60Hz,3,750,JIS6K(5ﾀｯﾌﾟ),440-254,Δ/Yn,無,1434-0376,3OT3P750K66K4,19997000 ,5969200 
油入変圧器,ﾄｯﾌﾟﾗﾝﾅｰⅢ 油入 60Hz,3,1000,JIS6K(5ﾀｯﾌﾟ),440-254,Δ/Yn,無,1434-0306,3OT3P1000K66K4,26660000 ,7958000 
油入変圧器,ﾄｯﾌﾟﾗﾝﾅｰⅢ 油入 60Hz,3,1500,JIS6K(5ﾀｯﾌﾟ),440-254,Δ/Yn,無,1434-2216,3OT3P1500K66K4,36372000 ,10857200 
油入変圧器,ﾄｯﾌﾟﾗﾝﾅｰⅢ 油入 60Hz,3,2000,JIS6K(5ﾀｯﾌﾟ),440-254,Δ/Yn,無,1434-2226,3OT3P2000K66K4,48238000 ,14399200 
油入変圧器,ﾄｯﾌﾟﾗﾝﾅｰⅢ 油入 60Hz,3,20,JIS6K(3ﾀｯﾌﾟ),440-254,Δ/Yn,CP,1432-2227,3OT3P20K66K4C,2875000 ,858000 
油入変圧器,ﾄｯﾌﾟﾗﾝﾅｰⅢ 油入 60Hz,3,30,JIS6K(3ﾀｯﾌﾟ),440-254,Δ/Yn,CP,1432-2237,3OT3P30K66K4C,3162000 ,943600 
油入変圧器,ﾄｯﾌﾟﾗﾝﾅｰⅢ 油入 60Hz,3,50,JIS6K(3ﾀｯﾌﾟ),440-254,Δ/Yn,CP,1432-2257,3OT3P50K66K4C,3795000 ,1132800 
油入変圧器,ﾄｯﾌﾟﾗﾝﾅｰⅢ 油入 60Hz,3,75,JIS6K(5ﾀｯﾌﾟ),440-254,Δ/Yn,CP,1433-2277,3OT3P75K66K4C,4349000 ,1298000 
油入変圧器,ﾄｯﾌﾟﾗﾝﾅｰⅢ 油入 60Hz,3,100,JIS6K(5ﾀｯﾌﾟ),440-254,Δ/Yn,CP,1433-2207,3OT3P100K66K4C,5119000 ,1528000 
油入変圧器,ﾄｯﾌﾟﾗﾝﾅｰⅢ 油入 60Hz,3,150,JIS6K(5ﾀｯﾌﾟ),440-254,Δ/Yn,CP,1433-2217,3OT3P150K66K4C,6596000 ,1968800 
油入変圧器,ﾄｯﾌﾟﾗﾝﾅｰⅢ 油入 60Hz,3,200,JIS6K(5ﾀｯﾌﾟ),440-254,Δ/Yn,CP,1433-2227,3OT3P200K66K4C,8027000 ,2396000 
油入変圧器,ﾄｯﾌﾟﾗﾝﾅｰⅢ 油入 60Hz,3,300,JIS6K(5ﾀｯﾌﾟ),440-254,Δ/Yn,CP,1434-2237,3OT3P300K66K4C,11283000 ,3368000 
油入変圧器,ﾄｯﾌﾟﾗﾝﾅｰⅢ 油入 60Hz,3,500,JIS6K(5ﾀｯﾌﾟ),440-254,Δ/Yn,CP,1434-2257,3OT3P500K66K4C,17970000 ,5364000 
油入変圧器,ﾄｯﾌﾟﾗﾝﾅｰⅢ 油入 60Hz,3,750,JIS6K(5ﾀｯﾌﾟ),440-254,Δ/Yn,CP,1434-2277,3OT3P750K66K4C,21999000 ,6566800 
油入変圧器,ﾄｯﾌﾟﾗﾝﾅｰⅢ 油入 60Hz,3,1000,JIS6K(5ﾀｯﾌﾟ),440-254,Δ/Yn,CP,1434-2207,3OT3P1000K66K4C,29329000 ,8754800 
油入変圧器,ﾄｯﾌﾟﾗﾝﾅｰⅢ 油入 60Hz,3,1500,JIS6K(5ﾀｯﾌﾟ),440-254,Δ/Yn,CP,1434-2217,3OT3P1500K66K4C,40010000 ,11943200 
油入変圧器,ﾄｯﾌﾟﾗﾝﾅｰⅢ 油入 60Hz,3,2000,JIS6K(5ﾀｯﾌﾟ),440-254,Δ/Yn,CP,1434-2227,3OT3P2000K66K4C,53063000 ,15839600 
油入変圧器,ﾄｯﾌﾟﾗﾝﾅｰⅢ 油入 60Hz,3,20,JIS6-3K(3ﾀｯﾌﾟ),440-254,Δ/Yn,無,1432-2229,3OT3P20K663K4,2875000 ,858000 
油入変圧器,ﾄｯﾌﾟﾗﾝﾅｰⅢ 油入 60Hz,3,30,JIS6-3K(3ﾀｯﾌﾟ),440-254,Δ/Yn,無,1432-2238,3OT3P30K663K4,3162000 ,943600 
油入変圧器,ﾄｯﾌﾟﾗﾝﾅｰⅢ 油入 60Hz,3,50,JIS6-3K(3ﾀｯﾌﾟ),440-254,Δ/Yn,無,1432-2239,3OT3P50K663K4,3795000 ,1132800 
油入変圧器,ﾄｯﾌﾟﾗﾝﾅｰⅢ 油入 60Hz,3,75,JIS6-3K(5ﾀｯﾌﾟ),440-254,Δ/Yn,無,1433-2276,3OT3P75K663K4,4349000 ,1298000 
油入変圧器,ﾄｯﾌﾟﾗﾝﾅｰⅢ 油入 60Hz,3,100,JIS6-3K(5ﾀｯﾌﾟ),440-254,Δ/Yn,無,1433-2206,3OT3P100K663K4,5119000 ,1528000 
油入変圧器,ﾄｯﾌﾟﾗﾝﾅｰⅢ 油入 60Hz,3,150,JIS6-3K(5ﾀｯﾌﾟ),440-254,Δ/Yn,無,1433-2216,3OT3P150K663K4,6596000 ,1968800 
油入変圧器,ﾄｯﾌﾟﾗﾝﾅｰⅢ 油入 60Hz,3,200,JIS6-3K(5ﾀｯﾌﾟ),440-254,Δ/Yn,無,1433-2226,3OT3P200K663K4,8027000 ,2396000 
油入変圧器,ﾄｯﾌﾟﾗﾝﾅｰⅢ 油入 60Hz,3,300,JIS6-3K(5ﾀｯﾌﾟ),440-254,Δ/Yn,無,1434-2236,3OT3P300K663K4,11283000 ,3368000 
油入変圧器,ﾄｯﾌﾟﾗﾝﾅｰⅢ 油入 60Hz,3,500,JIS6-3K(5ﾀｯﾌﾟ),440-254,Δ/Yn,無,1434-2256,3OT3P500K663K4,17970000 ,5364000 
油入変圧器,ﾄｯﾌﾟﾗﾝﾅｰⅢ 油入 60Hz,3,750,JIS6-3K(5ﾀｯﾌﾟ),440-254,Δ/Yn,無,1434-2276,3OT3P750K663K4,21999000 ,6566800 
油入変圧器,ﾄｯﾌﾟﾗﾝﾅｰⅢ 油入 60Hz,3,1000,JIS6-3K(5ﾀｯﾌﾟ),440-254,Δ/Yn,無,1434-2206,3OT3P1000K663K4,29329000 ,8754800 
油入変圧器,ﾄｯﾌﾟﾗﾝﾅｰⅢ 油入 60Hz,3,20,JIS3K(3ﾀｯﾌﾟ),440-254,Δ/Yn,無,1432-2228,3OT3P20K63K4,2741000 ,818000 
油入変圧器,ﾄｯﾌﾟﾗﾝﾅｰⅢ 油入 60Hz,3,30,JIS3K(3ﾀｯﾌﾟ),440-254,Δ/Yn,無,1432-2240,3OT3P30K63K4,3020000 ,901200 
油入変圧器,ﾄｯﾌﾟﾗﾝﾅｰⅢ 油入 60Hz,3,50,JIS3K(3ﾀｯﾌﾟ),440-254,Δ/Yn,無,1432-2241,3OT3P50K63K4,3617000 ,1079600 
油入変圧器,ﾄｯﾌﾟﾗﾝﾅｰⅢ 油入 60Hz,3,75,JIS3K(5ﾀｯﾌﾟ),440-254,Δ/Yn,無,1433-2278,3OT3P75K63K4,4154000 ,1240000 
油入変圧器,ﾄｯﾌﾟﾗﾝﾅｰⅢ 油入 60Hz,3,100,JIS3K(5ﾀｯﾌﾟ),440-254,Δ/Yn,無,1433-2279,3OT3P100K63K4,4887000 ,1458800 
油入変圧器,ﾄｯﾌﾟﾗﾝﾅｰⅢ 油入 60Hz,3,150,JIS3K(5ﾀｯﾌﾟ),440-254,Δ/Yn,無,1433-2280,3OT3P150K63K4,6297000 ,1879600 
油入変圧器,ﾄｯﾌﾟﾗﾝﾅｰⅢ 油入 60Hz,3,200,JIS3K(5ﾀｯﾌﾟ),440-254,Δ/Yn,無,1433-2282,3OT3P200K63K4,7665000 ,2288000 
油入変圧器,ﾄｯﾌﾟﾗﾝﾅｰⅢ 油入 60Hz,3,300,JIS3K(5ﾀｯﾌﾟ),440-254,Δ/Yn,無,1434-2238,3OT3P300K63K4,10774000 ,3216000 
油入変圧器,ﾄｯﾌﾟﾗﾝﾅｰⅢ 油入 60Hz,3,500,JIS3K(5ﾀｯﾌﾟ),440-254,Δ/Yn,無,1434-2239,3OT3P500K63K4,17155000 ,5120800 
油入変圧器,ﾄｯﾌﾟﾗﾝﾅｰⅢ 油入 60Hz,3,750,JIS3K(5ﾀｯﾌﾟ),440-254,Δ/Yn,無,1434-2240,3OT3P750K63K4,20998000 ,6268000 
油入変圧器,ﾄｯﾌﾟﾗﾝﾅｰⅢ 油入 60Hz,3,1000,JIS3K(5ﾀｯﾌﾟ),440-254,Δ/Yn,無,1434-2241,3OT3P1000K63K4,27993000 ,8356000 
油入変圧器,ﾄｯﾌﾟﾗﾝﾅｰⅢ 油入 60Hz,3,1500,JIS3K(5ﾀｯﾌﾟ),440-254,Δ/Yn,無,1434-2242,3OT3P1500K63K4,38196000 ,11401600 
油入変圧器,ﾄｯﾌﾟﾗﾝﾅｰⅢ 油入 60Hz,3,2000,JIS3K(5ﾀｯﾌﾟ),440-254,Δ/Yn,無,1434-2243,3OT3P2000K63K4,50652000 ,15120000 
油入変圧器,ﾄｯﾌﾟﾗﾝﾅｰⅢ 油入 60Hz,3,20,JIS6-3K(3ﾀｯﾌﾟ),440-254,Δ/Yn,CP,1432-2211,3OT3P20K663K4C,3133000 ,935200 
油入変圧器,ﾄｯﾌﾟﾗﾝﾅｰⅢ 油入 60Hz,3,30,JIS6-3K(3ﾀｯﾌﾟ),440-254,Δ/Yn,CP,1432-2212,3OT3P30K663K4C,3451000 ,1030000 
油入変圧器,ﾄｯﾌﾟﾗﾝﾅｰⅢ 油入 60Hz,3,50,JIS6-3K(3ﾀｯﾌﾟ),440-254,Δ/Yn,CP,1432-2213,3OT3P50K663K4C,4137000 ,1234800 
油入変圧器,ﾄｯﾌﾟﾗﾝﾅｰⅢ 油入 60Hz,3,75,JIS6-3K(5ﾀｯﾌﾟ),440-254,Δ/Yn,CP,1433-2281,3OT3P75K663K4C,4743000 ,1415600 
油入変圧器,ﾄｯﾌﾟﾗﾝﾅｰⅢ 油入 60Hz,3,100,JIS6-3K(5ﾀｯﾌﾟ),440-254,Δ/Yn,CP,1433-2283,3OT3P100K663K4C,5584000 ,1666800 
油入変圧器,ﾄｯﾌﾟﾗﾝﾅｰⅢ 油入 60Hz,3,150,JIS6-3K(5ﾀｯﾌﾟ),440-254,Δ/Yn,CP,1433-2284,3OT3P150K663K4C,7200000 ,2149200 
油入変圧器,ﾄｯﾌﾟﾗﾝﾅｰⅢ 油入 60Hz,3,200,JIS6-3K(5ﾀｯﾌﾟ),440-254,Δ/Yn,CP,1433-2285,3OT3P200K663K4C,8760000 ,2614800 
油入変圧器,ﾄｯﾌﾟﾗﾝﾅｰⅢ 油入 60Hz,3,300,JIS6-3K(5ﾀｯﾌﾟ),440-254,Δ/Yn,CP,1434-2244,3OT3P300K663K4C,12308000 ,3674000 
油入変圧器,ﾄｯﾌﾟﾗﾝﾅｰⅢ 油入 60Hz,3,500,JIS6-3K(5ﾀｯﾌﾟ),440-254,Δ/Yn,CP,1434-2245,3OT3P500K663K4C,19603000 ,5851600 
油入変圧器,ﾄｯﾌﾟﾗﾝﾅｰⅢ 油入 60Hz,3,750,JIS6-3K(5ﾀｯﾌﾟ),440-254,Δ/Yn,CP,1434-2246,3OT3P750K663K4C,23999000 ,7163600 
油入変圧器,ﾄｯﾌﾟﾗﾝﾅｰⅢ 油入 60Hz,3,1000,JIS6-3K(5ﾀｯﾌﾟ),440-254,Δ/Yn,CP,1434-2247,3OT3P1000K663K4C,31992000 ,9549600 
油入変圧器,ﾄｯﾌﾟﾗﾝﾅｰⅢ 油入 60Hz,3,20,JIS3K(3ﾀｯﾌﾟ),440-254,Δ/Yn,CP,1432-2242,3OT3P20K63K4C,3002000 ,896000 
油入変圧器,ﾄｯﾌﾟﾗﾝﾅｰⅢ 油入 60Hz,3,30,JIS3K(3ﾀｯﾌﾟ),440-254,Δ/Yn,CP,1432-2243,3OT3P30K63K4C,3310000 ,988000 
油入変圧器,ﾄｯﾌﾟﾗﾝﾅｰⅢ 油入 60Hz,3,50,JIS3K(3ﾀｯﾌﾟ),440-254,Δ/Yn,CP,1432-2244,3OT3P50K63K4C,3960000 ,1182000 
油入変圧器,ﾄｯﾌﾟﾗﾝﾅｰⅢ 油入 60Hz,3,75,JIS3K(5ﾀｯﾌﾟ),440-254,Δ/Yn,CP,1433-2286,3OT3P75K63K4C,4547000 ,1357200 
油入変圧器,ﾄｯﾌﾟﾗﾝﾅｰⅢ 油入 60Hz,3,100,JIS3K(5ﾀｯﾌﾟ),440-254,Δ/Yn,CP,1433-2287,3OT3P100K63K4C,5351000 ,1597200 
油入変圧器,ﾄｯﾌﾟﾗﾝﾅｰⅢ 油入 60Hz,3,150,JIS3K(5ﾀｯﾌﾟ),440-254,Δ/Yn,CP,1433-2288,3OT3P150K63K4C,6895000 ,2058000 
油入変圧器,ﾄｯﾌﾟﾗﾝﾅｰⅢ 油入 60Hz,3,200,JIS3K(5ﾀｯﾌﾟ),440-254,Δ/Yn,CP,1433-2289,3OT3P200K63K4C,8394000 ,2505600 
油入変圧器,ﾄｯﾌﾟﾗﾝﾅｰⅢ 油入 60Hz,3,300,JIS3K(5ﾀｯﾌﾟ),440-254,Δ/Yn,CP,1434-2248,3OT3P300K63K4C,11797000 ,3521200 
油入変圧器,ﾄｯﾌﾟﾗﾝﾅｰⅢ 油入 60Hz,3,500,JIS3K(5ﾀｯﾌﾟ),440-254,Δ/Yn,CP,1434-2249,3OT3P500K63K4C,18787000 ,5608000 
油入変圧器,ﾄｯﾌﾟﾗﾝﾅｰⅢ 油入 60Hz,3,750,JIS3K(5ﾀｯﾌﾟ),440-254,Δ/Yn,CP,1434-2250,3OT3P750K63K4C,22995000 ,6864000 
油入変圧器,ﾄｯﾌﾟﾗﾝﾅｰⅢ 油入 60Hz,3,1000,JIS3K(5ﾀｯﾌﾟ),440-254,Δ/Yn,CP,1434-2258,3OT3P1000K63K4C,30660000 ,9152000 
油入変圧器,ﾄｯﾌﾟﾗﾝﾅｰⅢ 油入 60Hz,3,1500,JIS3K(5ﾀｯﾌﾟ),440-254,Δ/Yn,CP,1434-2259,3OT3P1500K63K4C,41831000 ,12486800 
油入変圧器,ﾄｯﾌﾟﾗﾝﾅｰⅢ 油入 60Hz,3,2000,JIS3K(5ﾀｯﾌﾟ),440-254,Δ/Yn,CP,1434-2260,3OT3P2000K63K4C,55475000 ,16559600 
ﾓｰﾙﾄﾞﾄﾗﾝｽ,ﾄｯﾌﾟﾗﾝﾅｰⅢ ﾓｰﾙﾄﾞ 60Hz,1,10,JIS6K(3ﾀｯﾌﾟ),210-105,単三専用,無,1432-3010,3MT1P10K66K2,3451000 ,1030000 
ﾓｰﾙﾄﾞﾄﾗﾝｽ,ﾄｯﾌﾟﾗﾝﾅｰⅢ ﾓｰﾙﾄﾞ 60Hz,1,20,JIS6K(3ﾀｯﾌﾟ),210-105,単三専用,無,1432-3020,3MT1P20K66K2,3897000 ,1163200 
ﾓｰﾙﾄﾞﾄﾗﾝｽ,ﾄｯﾌﾟﾗﾝﾅｰⅢ ﾓｰﾙﾄﾞ 60Hz,1,30,JIS6K(3ﾀｯﾌﾟ),210-105,単三専用,無,1432-3030,3MT1P30K66K2,4266000 ,1273200 
ﾓｰﾙﾄﾞﾄﾗﾝｽ,ﾄｯﾌﾟﾗﾝﾅｰⅢ ﾓｰﾙﾄﾞ 60Hz,1,50,JIS6K(3ﾀｯﾌﾟ),210-105,単三専用,無,1432-3050,3MT1P50K66K2,5021000 ,1498800 
ﾓｰﾙﾄﾞﾄﾗﾝｽ,ﾄｯﾌﾟﾗﾝﾅｰⅢ ﾓｰﾙﾄﾞ 60Hz,1,75,JIS6K(5ﾀｯﾌﾟ),210-105,単三専用,無,1433-3070,3MT1P75K66K2,5955000 ,1777600 
ﾓｰﾙﾄﾞﾄﾗﾝｽ,ﾄｯﾌﾟﾗﾝﾅｰⅢ ﾓｰﾙﾄﾞ 60Hz,1,100,JIS6K(5ﾀｯﾌﾟ),210-105,単三専用,無,1433-3000,3MT1P100K66K2,6892000 ,2057200 
ﾓｰﾙﾄﾞﾄﾗﾝｽ,ﾄｯﾌﾟﾗﾝﾅｰⅢ ﾓｰﾙﾄﾞ 60Hz,1,150,JIS6K(5ﾀｯﾌﾟ),210-105,単三専用,無,1433-3010,3MT1P150K66K2,8594000 ,2565200 
ﾓｰﾙﾄﾞﾄﾗﾝｽ,ﾄｯﾌﾟﾗﾝﾅｰⅢ ﾓｰﾙﾄﾞ 60Hz,1,200,JIS6K(5ﾀｯﾌﾟ),210-105,単三専用,無,1433-3020,3MT1P200K66K2,10422000 ,3110800 
ﾓｰﾙﾄﾞﾄﾗﾝｽ,ﾄｯﾌﾟﾗﾝﾅｰⅢ ﾓｰﾙﾄﾞ 60Hz,1,300,JIS6K(5ﾀｯﾌﾟ),210-105,単三専用,無,1434-3030,3MT1P300K66K2,14671000 ,4379200 
ﾓｰﾙﾄﾞﾄﾗﾝｽ,ﾄｯﾌﾟﾗﾝﾅｰⅢ ﾓｰﾙﾄﾞ 60Hz,1,500,JIS6K(5ﾀｯﾌﾟ),210-105,単三専用,無,1434-3050,3MT1P500K66K2,22791000 ,6803200 
ﾓｰﾙﾄﾞﾄﾗﾝｽ,ﾄｯﾌﾟﾗﾝﾅｰⅢ ﾓｰﾙﾄﾞ 60Hz,3,20,JIS6K(3ﾀｯﾌﾟ),210,Y/Y,無,1432-3220,3MT3P20K66K2,5129000 ,1530800 
ﾓｰﾙﾄﾞﾄﾗﾝｽ,ﾄｯﾌﾟﾗﾝﾅｰⅢ ﾓｰﾙﾄﾞ 60Hz,3,30,JIS6K(3ﾀｯﾌﾟ),210,Y/Y,無,1432-3230,3MT3P30K66K2,5578000 ,1664800 
ﾓｰﾙﾄﾞﾄﾗﾝｽ,ﾄｯﾌﾟﾗﾝﾅｰⅢ ﾓｰﾙﾄﾞ 60Hz,3,50,JIS6K(3ﾀｯﾌﾟ),210,Y/Y,無,1432-3250,3MT3P50K66K2,6332000 ,1890000 
ﾓｰﾙﾄﾞﾄﾗﾝｽ,ﾄｯﾌﾟﾗﾝﾅｰⅢ ﾓｰﾙﾄﾞ 60Hz,3,75,JIS6K(5ﾀｯﾌﾟ),210,Y/Δ,無,1433-3270,3MT3P75K66K2,7404000 ,2210000 
ﾓｰﾙﾄﾞﾄﾗﾝｽ,ﾄｯﾌﾟﾗﾝﾅｰⅢ ﾓｰﾙﾄﾞ 60Hz,3,100,JIS6K(5ﾀｯﾌﾟ),210,Y/Δ,無,1433-3200,3MT3P100K66K2,8204000 ,2448800 
ﾓｰﾙﾄﾞﾄﾗﾝｽ,ﾄｯﾌﾟﾗﾝﾅｰⅢ ﾓｰﾙﾄﾞ 60Hz,3,150,JIS6K(5ﾀｯﾌﾟ),210,Y/Δ,無,1433-3210,3MT3P150K66K2,10071000 ,3006000 
ﾓｰﾙﾄﾞﾄﾗﾝｽ,ﾄｯﾌﾟﾗﾝﾅｰⅢ ﾓｰﾙﾄﾞ 60Hz,3,200,JIS6K(5ﾀｯﾌﾟ),210,Y/Δ,無,1433-3220,3MT3P200K66K2,11949000 ,3566800 
ﾓｰﾙﾄﾞﾄﾗﾝｽ,ﾄｯﾌﾟﾗﾝﾅｰⅢ ﾓｰﾙﾄﾞ 60Hz,3,300,JIS6K(5ﾀｯﾌﾟ),210,Y/Δ,無,1434-3230,3MT3P300K66K2,15691000 ,4683600 
ﾓｰﾙﾄﾞﾄﾗﾝｽ,ﾄｯﾌﾟﾗﾝﾅｰⅢ ﾓｰﾙﾄﾞ 60Hz,3,500,JIS6K(5ﾀｯﾌﾟ),210,Y/Δ,無,1434-3250,3MT3P500K66K2,23176000 ,6918000 
ﾓｰﾙﾄﾞﾄﾗﾝｽ,ﾄｯﾌﾟﾗﾝﾅｰⅢ ﾓｰﾙﾄﾞ 60Hz,3,750,JIS6K(5ﾀｯﾌﾟ),210,Δ/Δ,無,1434-3270,3MT3P750K66K2,28836000 ,8607600 
ﾓｰﾙﾄﾞﾄﾗﾝｽ,ﾄｯﾌﾟﾗﾝﾅｰⅢ ﾓｰﾙﾄﾞ 60Hz,3,1000,JIS6K(5ﾀｯﾌﾟ),210,Δ/Δ,無,1434-3200,3MT3P1000K66K2,36388000 ,10862000 
ﾓｰﾙﾄﾞﾄﾗﾝｽ,ﾄｯﾌﾟﾗﾝﾅｰⅢ ﾓｰﾙﾄﾞ 60Hz,3,1500,JIS6K(5ﾀｯﾌﾟ),210,Δ/Δ,無,1434-3210,3MT3P1500K66K2,53516000 ,15974800 
ﾓｰﾙﾄﾞﾄﾗﾝｽ,ﾄｯﾌﾟﾗﾝﾅｰⅢ ﾓｰﾙﾄﾞ 60Hz,3,2000,JIS6K(5ﾀｯﾌﾟ),210,Δ/Δ,無,1434-3220,3MT3P2000K66K2,70288000 ,20981200 
ﾓｰﾙﾄﾞﾄﾗﾝｽ,ﾄｯﾌﾟﾗﾝﾅｰⅢ ﾓｰﾙﾄﾞ 60Hz,1,10,JIS6K(3ﾀｯﾌﾟ),210-105,単三専用,CP,1432-3211,3MT1P10K66K2C,3795000 ,1132800 
ﾓｰﾙﾄﾞﾄﾗﾝｽ,ﾄｯﾌﾟﾗﾝﾅｰⅢ ﾓｰﾙﾄﾞ 60Hz,1,20,JIS6K(3ﾀｯﾌﾟ),210-105,単三専用,CP,1432-3321,3MT1P20K66K2C,4293000 ,1281200 
ﾓｰﾙﾄﾞﾄﾗﾝｽ,ﾄｯﾌﾟﾗﾝﾅｰⅢ ﾓｰﾙﾄﾞ 60Hz,1,30,JIS6K(3ﾀｯﾌﾟ),210-105,単三専用,CP,1432-3331,3MT1P30K66K2C,4700000 ,1402800 
ﾓｰﾙﾄﾞﾄﾗﾝｽ,ﾄｯﾌﾟﾗﾝﾅｰⅢ ﾓｰﾙﾄﾞ 60Hz,1,50,JIS6K(3ﾀｯﾌﾟ),210-105,単三専用,CP,1432-3351,3MT1P50K66K2C,5527000 ,1649600 
ﾓｰﾙﾄﾞﾄﾗﾝｽ,ﾄｯﾌﾟﾗﾝﾅｰⅢ ﾓｰﾙﾄﾞ 60Hz,1,75,JIS6K(5ﾀｯﾌﾟ),210-105,単三専用,CP,1433-3375,3MT1P75K66K2C,6552000 ,1955600 
ﾓｰﾙﾄﾞﾄﾗﾝｽ,ﾄｯﾌﾟﾗﾝﾅｰⅢ ﾓｰﾙﾄﾞ 60Hz,1,100,JIS6K(5ﾀｯﾌﾟ),210-105,単三専用,CP,1433-3301,3MT1P100K66K2C,7578000 ,2262000 
ﾓｰﾙﾄﾞﾄﾗﾝｽ,ﾄｯﾌﾟﾗﾝﾅｰⅢ ﾓｰﾙﾄﾞ 60Hz,1,150,JIS6K(5ﾀｯﾌﾟ),210-105,単三専用,CP,1433-3311,3MT1P150K66K2C,9453000 ,2821600 
ﾓｰﾙﾄﾞﾄﾗﾝｽ,ﾄｯﾌﾟﾗﾝﾅｰⅢ ﾓｰﾙﾄﾞ 60Hz,1,200,JIS6K(5ﾀｯﾌﾟ),210-105,単三専用,CP,1433-3321,3MT1P200K66K2C,11462000 ,3421200 
ﾓｰﾙﾄﾞﾄﾗﾝｽ,ﾄｯﾌﾟﾗﾝﾅｰⅢ ﾓｰﾙﾄﾞ 60Hz,1,300,JIS6K(5ﾀｯﾌﾟ),210-105,単三専用,CP,1434-3331,3MT1P300K66K2C,16137000 ,4816800 
ﾓｰﾙﾄﾞﾄﾗﾝｽ,ﾄｯﾌﾟﾗﾝﾅｰⅢ ﾓｰﾙﾄﾞ 60Hz,1,500,JIS6K(5ﾀｯﾌﾟ),210-105,単三専用,CP,1434-3351,3MT1P500K66K2C,25075000 ,7484800 
ﾓｰﾙﾄﾞﾄﾗﾝｽ,ﾄｯﾌﾟﾗﾝﾅｰⅢ ﾓｰﾙﾄﾞ 60Hz,3,20,JIS6K(3ﾀｯﾌﾟ),210,Y/Y,CP,1432-3421,3MT3P20K66K2C,5645000 ,1684800 
ﾓｰﾙﾄﾞﾄﾗﾝｽ,ﾄｯﾌﾟﾗﾝﾅｰⅢ ﾓｰﾙﾄﾞ 60Hz,3,30,JIS6K(3ﾀｯﾌﾟ),210,Y/Y,CP,1432-3431,3MT3P30K66K2C,6138000 ,1832000 
ﾓｰﾙﾄﾞﾄﾗﾝｽ,ﾄｯﾌﾟﾗﾝﾅｰⅢ ﾓｰﾙﾄﾞ 60Hz,3,50,JIS6K(3ﾀｯﾌﾟ),210,Y/Y,CP,1432-3451,3MT3P50K66K2C,6968000 ,2080000 
ﾓｰﾙﾄﾞﾄﾗﾝｽ,ﾄｯﾌﾟﾗﾝﾅｰⅢ ﾓｰﾙﾄﾞ 60Hz,3,75,JIS6K(5ﾀｯﾌﾟ),210,Y/Δ,CP,1433-3471,3MT3P75K66K2C,8146000 ,2431600 
ﾓｰﾙﾄﾞﾄﾗﾝｽ,ﾄｯﾌﾟﾗﾝﾅｰⅢ ﾓｰﾙﾄﾞ 60Hz,3,100,JIS6K(5ﾀｯﾌﾟ),210,Y/Δ,CP,1433-3401,3MT3P100K66K2C,9028000 ,2694800 
ﾓｰﾙﾄﾞﾄﾗﾝｽ,ﾄｯﾌﾟﾗﾝﾅｰⅢ ﾓｰﾙﾄﾞ 60Hz,3,150,JIS6K(5ﾀｯﾌﾟ),210,Y/Δ,CP,1433-3511,3MT3P150K66K2C,11082000 ,3308000 
ﾓｰﾙﾄﾞﾄﾗﾝｽ,ﾄｯﾌﾟﾗﾝﾅｰⅢ ﾓｰﾙﾄﾞ 60Hz,3,200,JIS6K(5ﾀｯﾌﾟ),210,Y/Δ,CP,1433-3421,3MT3P200K66K2C,13143000 ,3923200 
ﾓｰﾙﾄﾞﾄﾗﾝｽ,ﾄｯﾌﾟﾗﾝﾅｰⅢ ﾓｰﾙﾄﾞ 60Hz,3,300,JIS6K(5ﾀｯﾌﾟ),210,Y/Δ,CP,1434-3431,3MT3P300K66K2C,17264000 ,5153200 
ﾓｰﾙﾄﾞﾄﾗﾝｽ,ﾄｯﾌﾟﾗﾝﾅｰⅢ ﾓｰﾙﾄﾞ 60Hz,3,500,JIS6K(5ﾀｯﾌﾟ),210,Y/Δ,CP,1434-3451,3MT3P500K66K2C,25499000 ,7611600 
ﾓｰﾙﾄﾞﾄﾗﾝｽ,ﾄｯﾌﾟﾗﾝﾅｰⅢ ﾓｰﾙﾄﾞ 60Hz,3,750,JIS6K(5ﾀｯﾌﾟ),210,Δ/Δ,CP,1434-3471,3MT3P750K66K2C,31718000 ,9468000 
ﾓｰﾙﾄﾞﾄﾗﾝｽ,ﾄｯﾌﾟﾗﾝﾅｰⅢ ﾓｰﾙﾄﾞ 60Hz,3,1000,JIS6K(5ﾀｯﾌﾟ),210,Δ/Δ,CP,1434-3401,3MT3P1000K66K2C,40032000 ,11949600 
ﾓｰﾙﾄﾞﾄﾗﾝｽ,ﾄｯﾌﾟﾗﾝﾅｰⅢ ﾓｰﾙﾄﾞ 60Hz,3,1500,JIS6K(5ﾀｯﾌﾟ),210,Δ/Δ,CP,1433-3411,3MT3P1500K66K2C,58864000 ,17571200 
ﾓｰﾙﾄﾞﾄﾗﾝｽ,ﾄｯﾌﾟﾗﾝﾅｰⅢ ﾓｰﾙﾄﾞ 60Hz,3,2000,JIS6K(5ﾀｯﾌﾟ),210,Δ/Δ,CP,1434-3421,3MT3P2000K66K2C,77316000 ,23079200 
ﾓｰﾙﾄﾞﾄﾗﾝｽ,ﾄｯﾌﾟﾗﾝﾅｰⅢ ﾓｰﾙﾄﾞ 60Hz,1,10,JIS6-3K(3ﾀｯﾌﾟ),210-105,単三専用,無,1432-3312,3MT1P10K663K2,4657000 ,1390000 
ﾓｰﾙﾄﾞﾄﾗﾝｽ,ﾄｯﾌﾟﾗﾝﾅｰⅢ ﾓｰﾙﾄﾞ 60Hz,1,20,JIS6-3K(3ﾀｯﾌﾟ),210-105,単三専用,無,1432-3322,3MT1P20K663K2,5263000 ,1570800 
ﾓｰﾙﾄﾞﾄﾗﾝｽ,ﾄｯﾌﾟﾗﾝﾅｰⅢ ﾓｰﾙﾄﾞ 60Hz,1,30,JIS6-3K(3ﾀｯﾌﾟ),210-105,単三専用,無,1432-3332,3MT1P30K663K2,5760000 ,1719200 
ﾓｰﾙﾄﾞﾄﾗﾝｽ,ﾄｯﾌﾟﾗﾝﾅｰⅢ ﾓｰﾙﾄﾞ 60Hz,1,50,JIS6-3K(3ﾀｯﾌﾟ),210-105,単三専用,無,1432-3352,3MT1P50K663K2,6784000 ,2024800 
ﾓｰﾙﾄﾞﾄﾗﾝｽ,ﾄｯﾌﾟﾗﾝﾅｰⅢ ﾓｰﾙﾄﾞ 60Hz,1,75,JIS6-3K(5ﾀｯﾌﾟ),210-105,単三専用,無,1433-3376,3MT1P75K663K2,8038000 ,2399200 
ﾓｰﾙﾄﾞﾄﾗﾝｽ,ﾄｯﾌﾟﾗﾝﾅｰⅢ ﾓｰﾙﾄﾞ 60Hz,1,100,JIS6-3K(5ﾀｯﾌﾟ),210-105,単三専用,無,1433-3302,3MT1P100K663K2,9304000 ,2777200 
ﾓｰﾙﾄﾞﾄﾗﾝｽ,ﾄｯﾌﾟﾗﾝﾅｰⅢ ﾓｰﾙﾄﾞ 60Hz,1,150,JIS6-3K(5ﾀｯﾌﾟ),210-105,単三専用,無,1433-3315,3MT1P150K663K2,11598000 ,3462000 
ﾓｰﾙﾄﾞﾄﾗﾝｽ,ﾄｯﾌﾟﾗﾝﾅｰⅢ ﾓｰﾙﾄﾞ 60Hz,1,200,JIS6-3K(5ﾀｯﾌﾟ),210-105,単三専用,無,1433-3322,3MT1P200K663K2,14066000 ,4198800 
ﾓｰﾙﾄﾞﾄﾗﾝｽ,ﾄｯﾌﾟﾗﾝﾅｰⅢ ﾓｰﾙﾄﾞ 60Hz,1,300,JIS6-3K(5ﾀｯﾌﾟ),210-105,単三専用,無,1434-3332,3MT1P300K663K2,19803000 ,5911200 
ﾓｰﾙﾄﾞﾄﾗﾝｽ,ﾄｯﾌﾟﾗﾝﾅｰⅢ ﾓｰﾙﾄﾞ 60Hz,1,500,JIS6-3K(5ﾀｯﾌﾟ),210-105,単三専用,無,1434-3352,3MT1P500K663K2,30767000 ,9184000 
ﾓｰﾙﾄﾞﾄﾗﾝｽ,ﾄｯﾌﾟﾗﾝﾅｰⅢ ﾓｰﾙﾄﾞ 60Hz,3,20,JIS6-3K(3ﾀｯﾌﾟ),210,Y/Y,無,1432-3422,3MT3P20K663K2,6927000 ,2067600 
ﾓｰﾙﾄﾞﾄﾗﾝｽ,ﾄｯﾌﾟﾗﾝﾅｰⅢ ﾓｰﾙﾄﾞ 60Hz,3,30,JIS6-3K(3ﾀｯﾌﾟ),210,Y/Y,無,1432-3432,3MT3P30K663K2,7531000 ,2248000 
ﾓｰﾙﾄﾞﾄﾗﾝｽ,ﾄｯﾌﾟﾗﾝﾅｰⅢ ﾓｰﾙﾄﾞ 60Hz,3,50,JIS6-3K(3ﾀｯﾌﾟ),210,Y/Y,無,1432-3452,3MT3P50K663K2,8550000 ,2552000 
ﾓｰﾙﾄﾞﾄﾗﾝｽ,ﾄｯﾌﾟﾗﾝﾅｰⅢ ﾓｰﾙﾄﾞ 60Hz,3,75,JIS6-3K(5ﾀｯﾌﾟ),210,Y/Δ,無,1433-3472,3MT3P75K663K2,9997000 ,2984000 
ﾓｰﾙﾄﾞﾄﾗﾝｽ,ﾄｯﾌﾟﾗﾝﾅｰⅢ ﾓｰﾙﾄﾞ 60Hz,3,100,JIS6-3K(5ﾀｯﾌﾟ),210,Y/Δ,無,1433-3402,3MT3P100K663K2,11074000 ,3305600 
ﾓｰﾙﾄﾞﾄﾗﾝｽ,ﾄｯﾌﾟﾗﾝﾅｰⅢ ﾓｰﾙﾄﾞ 60Hz,3,150,JIS6-3K(5ﾀｯﾌﾟ),210,Y/Δ,無,1433-3412,3MT3P150K663K2,13600000 ,4059600 
ﾓｰﾙﾄﾞﾄﾗﾝｽ,ﾄｯﾌﾟﾗﾝﾅｰⅢ ﾓｰﾙﾄﾞ 60Hz,3,200,JIS6-3K(5ﾀｯﾌﾟ),210,Y/Δ,無,1433-3422,3MT3P200K663K2,16127000 ,4814000 
ﾓｰﾙﾄﾞﾄﾗﾝｽ,ﾄｯﾌﾟﾗﾝﾅｰⅢ ﾓｰﾙﾄﾞ 60Hz,3,300,JIS6-3K(5ﾀｯﾌﾟ),210,Y/Δ,無,1434-3432,3MT3P300K663K2,21185000 ,6323600 
ﾓｰﾙﾄﾞﾄﾗﾝｽ,ﾄｯﾌﾟﾗﾝﾅｰⅢ ﾓｰﾙﾄﾞ 60Hz,3,500,JIS6-3K(5ﾀｯﾌﾟ),210,Y/Δ,無,1434-3452,3MT3P500K663K2,31292000 ,9340800 
ﾓｰﾙﾄﾞﾄﾗﾝｽ,ﾄｯﾌﾟﾗﾝﾅｰⅢ ﾓｰﾙﾄﾞ 60Hz,3,750,JIS6-3K(5ﾀｯﾌﾟ),210,Δ/Δ,無,1434-3472,3MT3P750K663K2,38926000 ,11619600 
ﾓｰﾙﾄﾞﾄﾗﾝｽ,ﾄｯﾌﾟﾗﾝﾅｰⅢ ﾓｰﾙﾄﾞ 60Hz,3,1000,JIS6-3K(5ﾀｯﾌﾟ),210,Δ/Δ,無,1434-3402,3MT3P1000K663K2,49130000 ,14665600 
ﾓｰﾙﾄﾞﾄﾗﾝｽ,ﾄｯﾌﾟﾗﾝﾅｰⅢ ﾓｰﾙﾄﾞ 60Hz,3,1500,JIS6-3K(5ﾀｯﾌﾟ),210,Δ/Δ,無,1434-3412,3MT3P1500K663K2,72244000 ,21565200 
ﾓｰﾙﾄﾞﾄﾗﾝｽ,ﾄｯﾌﾟﾗﾝﾅｰⅢ ﾓｰﾙﾄﾞ 60Hz,3,2000,JIS6-3K(5ﾀｯﾌﾟ),210,Δ/Δ,無,1434-3422,3MT3P2000K663K2,94885000 ,28323600 
ﾓｰﾙﾄﾞﾄﾗﾝｽ,ﾄｯﾌﾟﾗﾝﾅｰⅢ ﾓｰﾙﾄﾞ 60Hz,1,10,JIS3K(3ﾀｯﾌﾟ),210-105,単三専用,無,1432-3413,3MT1P10K63K2,3628000 ,1082800 
ﾓｰﾙﾄﾞﾄﾗﾝｽ,ﾄｯﾌﾟﾗﾝﾅｰⅢ ﾓｰﾙﾄﾞ 60Hz,1,20,JIS3K(3ﾀｯﾌﾟ),210-105,単三専用,無,1432-3423,3MT1P20K63K2,4094000 ,1222000 
ﾓｰﾙﾄﾞﾄﾗﾝｽ,ﾄｯﾌﾟﾗﾝﾅｰⅢ ﾓｰﾙﾄﾞ 60Hz,1,30,JIS3K(3ﾀｯﾌﾟ),210-105,単三専用,無,1432-3433,3MT1P30K63K2,4483000 ,1338000 
ﾓｰﾙﾄﾞﾄﾗﾝｽ,ﾄｯﾌﾟﾗﾝﾅｰⅢ ﾓｰﾙﾄﾞ 60Hz,1,50,JIS3K(3ﾀｯﾌﾟ),210-105,単三専用,無,1432-3453,3MT1P50K63K2,5272000 ,1573600 
ﾓｰﾙﾄﾞﾄﾗﾝｽ,ﾄｯﾌﾟﾗﾝﾅｰⅢ ﾓｰﾙﾄﾞ 60Hz,1,75,JIS3K(5ﾀｯﾌﾟ),210-105,単三専用,無,1433-3473,3MT1P75K63K2,6256000 ,1867200 
ﾓｰﾙﾄﾞﾄﾗﾝｽ,ﾄｯﾌﾟﾗﾝﾅｰⅢ ﾓｰﾙﾄﾞ 60Hz,1,100,JIS3K(5ﾀｯﾌﾟ),210-105,単三専用,無,1433-3403,3MT1P100K63K2,7239000 ,2160800 
ﾓｰﾙﾄﾞﾄﾗﾝｽ,ﾄｯﾌﾟﾗﾝﾅｰⅢ ﾓｰﾙﾄﾞ 60Hz,1,150,JIS3K(5ﾀｯﾌﾟ),210-105,単三専用,無,1433-3413,3MT1P150K63K2,9028000 ,2694800 
ﾓｰﾙﾄﾞﾄﾗﾝｽ,ﾄｯﾌﾟﾗﾝﾅｰⅢ ﾓｰﾙﾄﾞ 60Hz,1,200,JIS3K(5ﾀｯﾌﾟ),210-105,単三専用,無,1433-3423,3MT1P200K63K2,10944000 ,3266800 
ﾓｰﾙﾄﾞﾄﾗﾝｽ,ﾄｯﾌﾟﾗﾝﾅｰⅢ ﾓｰﾙﾄﾞ 60Hz,1,300,JIS3K(5ﾀｯﾌﾟ),210-105,単三専用,無,1434-3433,3MT1P300K63K2,15404000 ,4598000 
ﾓｰﾙﾄﾞﾄﾗﾝｽ,ﾄｯﾌﾟﾗﾝﾅｰⅢ ﾓｰﾙﾄﾞ 60Hz,1,500,JIS3K(5ﾀｯﾌﾟ),210-105,単三専用,無,1434-3453,3MT1P500K63K2,23932000 ,7143600 
ﾓｰﾙﾄﾞﾄﾗﾝｽ,ﾄｯﾌﾟﾗﾝﾅｰⅢ ﾓｰﾙﾄﾞ 60Hz,3,20,JIS3K(3ﾀｯﾌﾟ),210,Y/Y,無,1432-3523,3MT3P20K63K2,5386000 ,1607600 
ﾓｰﾙﾄﾞﾄﾗﾝｽ,ﾄｯﾌﾟﾗﾝﾅｰⅢ ﾓｰﾙﾄﾞ 60Hz,3,30,JIS3K(3ﾀｯﾌﾟ),210,Y/Y,無,1432-3533,3MT3P30K63K2,5856000 ,1748000 
ﾓｰﾙﾄﾞﾄﾗﾝｽ,ﾄｯﾌﾟﾗﾝﾅｰⅢ ﾓｰﾙﾄﾞ 60Hz,3,50,JIS3K(3ﾀｯﾌﾟ),210,Y/Y,無,1432-3553,3MT3P50K63K2,6652000 ,1985600 
ﾓｰﾙﾄﾞﾄﾗﾝｽ,ﾄｯﾌﾟﾗﾝﾅｰⅢ ﾓｰﾙﾄﾞ 60Hz,3,75,JIS3K(5ﾀｯﾌﾟ),210,Y/Δ,無,1433-3573,3MT3P75K63K2,7779000 ,2322000 
ﾓｰﾙﾄﾞﾄﾗﾝｽ,ﾄｯﾌﾟﾗﾝﾅｰⅢ ﾓｰﾙﾄﾞ 60Hz,3,100,JIS3K(5ﾀｯﾌﾟ),210,Y/Δ,無,1433-3503,3MT3P100K63K2,8614000 ,2571200 
ﾓｰﾙﾄﾞﾄﾗﾝｽ,ﾄｯﾌﾟﾗﾝﾅｰⅢ ﾓｰﾙﾄﾞ 60Hz,3,150,JIS3K(5ﾀｯﾌﾟ),210,Y/Δ,無,1433-3513,3MT3P150K63K2,10580000 ,3158000 
ﾓｰﾙﾄﾞﾄﾗﾝｽ,ﾄｯﾌﾟﾗﾝﾅｰⅢ ﾓｰﾙﾄﾞ 60Hz,3,200,JIS3K(5ﾀｯﾌﾟ),210,Y/Δ,無,1433-3523,3MT3P200K63K2,12543000 ,3744000 
ﾓｰﾙﾄﾞﾄﾗﾝｽ,ﾄｯﾌﾟﾗﾝﾅｰⅢ ﾓｰﾙﾄﾞ 60Hz,3,300,JIS3K(5ﾀｯﾌﾟ),210,Y/Δ,無,1434-3533,3MT3P300K63K2,16478000 ,4918800 
ﾓｰﾙﾄﾞﾄﾗﾝｽ,ﾄｯﾌﾟﾗﾝﾅｰⅢ ﾓｰﾙﾄﾞ 60Hz,3,500,JIS3K(5ﾀｯﾌﾟ),210,Y/Δ,無,1434-3553,3MT3P500K63K2,24342000 ,7266000 
ﾓｰﾙﾄﾞﾄﾗﾝｽ,ﾄｯﾌﾟﾗﾝﾅｰⅢ ﾓｰﾙﾄﾞ 60Hz,3,750,JIS3K(5ﾀｯﾌﾟ),210,Δ/Δ,無,1434-3573,3MT3P750K63K2,30278000 ,9038000 
ﾓｰﾙﾄﾞﾄﾗﾝｽ,ﾄｯﾌﾟﾗﾝﾅｰⅢ ﾓｰﾙﾄﾞ 60Hz,3,1000,JIS3K(5ﾀｯﾌﾟ),210,Δ/Δ,無,1434-3503,3MT3P1000K63K2,38211000 ,11406000 
ﾓｰﾙﾄﾞﾄﾗﾝｽ,ﾄｯﾌﾟﾗﾝﾅｰⅢ ﾓｰﾙﾄﾞ 60Hz,3,1500,JIS3K(5ﾀｯﾌﾟ),210,Δ/Δ,無,1434-3513,3MT3P1500K63K2,56192000 ,16773600 
ﾓｰﾙﾄﾞﾄﾗﾝｽ,ﾄｯﾌﾟﾗﾝﾅｰⅢ ﾓｰﾙﾄﾞ 60Hz,3,2000,JIS3K(5ﾀｯﾌﾟ),210,Δ/Δ,無,1434-3523,3MT3P2000K63K2,73800000 ,22029600 
ﾓｰﾙﾄﾞﾄﾗﾝｽ,ﾄｯﾌﾟﾗﾝﾅｰⅢ ﾓｰﾙﾄﾞ 60Hz,3,20,JIS6-3K(3ﾀｯﾌﾟ),210, Y/Y,CP,1432-3324,3MT3P20K663K2C,7433000 ,2218800 
ﾓｰﾙﾄﾞﾄﾗﾝｽ,ﾄｯﾌﾟﾗﾝﾅｰⅢ ﾓｰﾙﾄﾞ 60Hz,3,30,JIS6-3K(3ﾀｯﾌﾟ),210, Y/Y,CP,1432-3334,3MT3P30K663K2C,8085000 ,2413200 
ﾓｰﾙﾄﾞﾄﾗﾝｽ,ﾄｯﾌﾟﾗﾝﾅｰⅢ ﾓｰﾙﾄﾞ 60Hz,3,50,JIS6-3K(3ﾀｯﾌﾟ),210, Y/Y,CP,1432-3354,3MT3P50K663K2C,9186000 ,2742000 
ﾓｰﾙﾄﾞﾄﾗﾝｽ,ﾄｯﾌﾟﾗﾝﾅｰⅢ ﾓｰﾙﾄﾞ 60Hz,3,75,JIS6-3K(5ﾀｯﾌﾟ),210,Y/Δ,CP,1433-3374,3MT3P75K663K2C,10737000 ,3204800 
ﾓｰﾙﾄﾞﾄﾗﾝｽ,ﾄｯﾌﾟﾗﾝﾅｰⅢ ﾓｰﾙﾄﾞ 60Hz,3,100,JIS6-3K(5ﾀｯﾌﾟ),210,Y/Δ,CP,1433-3304,3MT3P100K663K2C,11892000 ,3549600 
ﾓｰﾙﾄﾞﾄﾗﾝｽ,ﾄｯﾌﾟﾗﾝﾅｰⅢ ﾓｰﾙﾄﾞ 60Hz,3,150,JIS6-3K(5ﾀｯﾌﾟ),210,Y/Δ,CP,1433-3314,3MT3P150K663K2C,14606000 ,4360000 
ﾓｰﾙﾄﾞﾄﾗﾝｽ,ﾄｯﾌﾟﾗﾝﾅｰⅢ ﾓｰﾙﾄﾞ 60Hz,3,200,JIS6-3K(5ﾀｯﾌﾟ),210,Y/Δ,CP,1433-3324,3MT3P200K663K2C,17320000 ,5170000 
ﾓｰﾙﾄﾞﾄﾗﾝｽ,ﾄｯﾌﾟﾗﾝﾅｰⅢ ﾓｰﾙﾄﾞ 60Hz,3,300,JIS6-3K(5ﾀｯﾌﾟ),210,Y/Δ,CP,1434-3334,3MT3P300K663K2C,22751000 ,6791200 
ﾓｰﾙﾄﾞﾄﾗﾝｽ,ﾄｯﾌﾟﾗﾝﾅｰⅢ ﾓｰﾙﾄﾞ 60Hz,3,500,JIS6-3K(5ﾀｯﾌﾟ),210,Y/Δ,CP,1434-3354,3MT3P500K663K2C,33606000 ,10031600 
ﾓｰﾙﾄﾞﾄﾗﾝｽ,ﾄｯﾌﾟﾗﾝﾅｰⅢ ﾓｰﾙﾄﾞ 60Hz,3,750,JIS6-3K(5ﾀｯﾌﾟ),210, Δ/Δ,CP,1434-3374,3MT3P750K663K2C,41808000 ,12480000 
ﾓｰﾙﾄﾞﾄﾗﾝｽ,ﾄｯﾌﾟﾗﾝﾅｰⅢ ﾓｰﾙﾄﾞ 60Hz,3,1000,JIS6-3K(5ﾀｯﾌﾟ),210, Δ/Δ,CP,1434-3304,3MT3P1000K663K2C,52767000 ,15751200 
ﾓｰﾙﾄﾞﾄﾗﾝｽ,ﾄｯﾌﾟﾗﾝﾅｰⅢ ﾓｰﾙﾄﾞ 60Hz,3,1500,JIS6-3K(5ﾀｯﾌﾟ),210, Δ/Δ,CP,1434-3314,3MT3P1500K663K2C,77597000 ,23163200 
ﾓｰﾙﾄﾞﾄﾗﾝｽ,ﾄｯﾌﾟﾗﾝﾅｰⅢ ﾓｰﾙﾄﾞ 60Hz,3,2000,JIS6-3K(5ﾀｯﾌﾟ),210, Δ/Δ,CP,1434-3324,3MT3P2000K663K2C,101914000 ,30422000 
ﾓｰﾙﾄﾞﾄﾗﾝｽ,ﾄｯﾌﾟﾗﾝﾅｰⅢ ﾓｰﾙﾄﾞ 60Hz,3,20,JIS3K(3ﾀｯﾌﾟ),210, Y/Y,CP,1432-3325,3MT3P20K63K2C,5899000 ,1760800 
ﾓｰﾙﾄﾞﾄﾗﾝｽ,ﾄｯﾌﾟﾗﾝﾅｰⅢ ﾓｰﾙﾄﾞ 60Hz,3,30,JIS3K(3ﾀｯﾌﾟ),210, Y/Y,CP,1432-3335,3MT3P30K63K2C,6418000 ,1915600 
ﾓｰﾙﾄﾞﾄﾗﾝｽ,ﾄｯﾌﾟﾗﾝﾅｰⅢ ﾓｰﾙﾄﾞ 60Hz,3,50,JIS3K(3ﾀｯﾌﾟ),210, Y/Y,CP,1432-3355,3MT3P50K63K2C,7283000 ,2174000 
ﾓｰﾙﾄﾞﾄﾗﾝｽ,ﾄｯﾌﾟﾗﾝﾅｰⅢ ﾓｰﾙﾄﾞ 60Hz,3,75,JIS3K(5ﾀｯﾌﾟ),210,Y/Δ,CP,1433-3475,3MT3P75K63K2C,8519000 ,2542800 
ﾓｰﾙﾄﾞﾄﾗﾝｽ,ﾄｯﾌﾟﾗﾝﾅｰⅢ ﾓｰﾙﾄﾞ 60Hz,3,100,JIS3K(5ﾀｯﾌﾟ),210,Y/Δ,CP,1433-3305,3MT3P100K63K2C,9434000 ,2816000 
ﾓｰﾙﾄﾞﾄﾗﾝｽ,ﾄｯﾌﾟﾗﾝﾅｰⅢ ﾓｰﾙﾄﾞ 60Hz,3,150,JIS3K(5ﾀｯﾌﾟ),210,Y/Δ,CP,1433-3415,3MT3P150K63K2C,11585000 ,3458000 
ﾓｰﾙﾄﾞﾄﾗﾝｽ,ﾄｯﾌﾟﾗﾝﾅｰⅢ ﾓｰﾙﾄﾞ 60Hz,3,200,JIS3K(5ﾀｯﾌﾟ),210,Y/Δ,CP,1433-3325,3MT3P200K63K2C,13745000 ,4102800 
ﾓｰﾙﾄﾞﾄﾗﾝｽ,ﾄｯﾌﾟﾗﾝﾅｰⅢ ﾓｰﾙﾄﾞ 60Hz,3,300,JIS3K(5ﾀｯﾌﾟ),210,Y/Δ,CP,1434-3335,3MT3P300K63K2C,18049000 ,5387600 
ﾓｰﾙﾄﾞﾄﾗﾝｽ,ﾄｯﾌﾟﾗﾝﾅｰⅢ ﾓｰﾙﾄﾞ 60Hz,3,500,JIS3K(5ﾀｯﾌﾟ),210,Y/Δ,CP,1434-3355,3MT3P500K63K2C,26656000 ,7956800 
ﾓｰﾙﾄﾞﾄﾗﾝｽ,ﾄｯﾌﾟﾗﾝﾅｰⅢ ﾓｰﾙﾄﾞ 60Hz,3,750,JIS3K(5ﾀｯﾌﾟ),210, Δ/Δ,CP,1434-3375,3MT3P750K63K2C,33161000 ,9898800 
ﾓｰﾙﾄﾞﾄﾗﾝｽ,ﾄｯﾌﾟﾗﾝﾅｰⅢ ﾓｰﾙﾄﾞ 60Hz,3,1000,JIS3K(5ﾀｯﾌﾟ),210, Δ/Δ,CP,1434-3305,3MT3P1000K63K2C,41851000 ,12492800 
ﾓｰﾙﾄﾞﾄﾗﾝｽ,ﾄｯﾌﾟﾗﾝﾅｰⅢ ﾓｰﾙﾄﾞ 60Hz,3,1500,JIS3K(5ﾀｯﾌﾟ),210, Δ/Δ,CP,1434-3315,3MT3P1500K63K2C,61545000 ,18371600 
ﾓｰﾙﾄﾞﾄﾗﾝｽ,ﾄｯﾌﾟﾗﾝﾅｰⅢ ﾓｰﾙﾄﾞ 60Hz,3,2000,JIS3K(5ﾀｯﾌﾟ),210, Δ/Δ,CP,1434-3325,3MT3P2000K63K2C,80828000 ,24127600 
ﾓｰﾙﾄﾞﾄﾗﾝｽ,ﾄｯﾌﾟﾗﾝﾅｰⅢ ﾓｰﾙﾄﾞ 60Hz,3,20,JIS6K(3ﾀｯﾌﾟ),440-254,Δ/Yn,無,1432-3521,3MT3P20K66K4,6154000 ,1836800 
ﾓｰﾙﾄﾞﾄﾗﾝｽ,ﾄｯﾌﾟﾗﾝﾅｰⅢ ﾓｰﾙﾄﾞ 60Hz,3,30,JIS6K(3ﾀｯﾌﾟ),440-254,Δ/Yn,無,1432-3531,3MT3P30K66K4,6694000 ,1998000 
ﾓｰﾙﾄﾞﾄﾗﾝｽ,ﾄｯﾌﾟﾗﾝﾅｰⅢ ﾓｰﾙﾄﾞ 60Hz,3,50,JIS6K(3ﾀｯﾌﾟ),440-254,Δ/Yn,無,1432-3551,3MT3P50K66K4,7602000 ,2269200 
ﾓｰﾙﾄﾞﾄﾗﾝｽ,ﾄｯﾌﾟﾗﾝﾅｰⅢ ﾓｰﾙﾄﾞ 60Hz,3,75,JIS6K(5ﾀｯﾌﾟ),440-254,Δ/Yn,無,1433-3571,3MT3P75K66K4,8146000 ,2431600 
ﾓｰﾙﾄﾞﾄﾗﾝｽ,ﾄｯﾌﾟﾗﾝﾅｰⅢ ﾓｰﾙﾄﾞ 60Hz,3,100,JIS6K(5ﾀｯﾌﾟ),440-254,Δ/Yn,無,1433-3501,3MT3P100K66K4,9028000 ,2694800 
ﾓｰﾙﾄﾞﾄﾗﾝｽ,ﾄｯﾌﾟﾗﾝﾅｰⅢ ﾓｰﾙﾄﾞ 60Hz,3,150,JIS6K(5ﾀｯﾌﾟ),440-254,Δ/Yn,無,1433-3611,3MT3P150K66K4,11082000 ,3308000 
ﾓｰﾙﾄﾞﾄﾗﾝｽ,ﾄｯﾌﾟﾗﾝﾅｰⅢ ﾓｰﾙﾄﾞ 60Hz,3,200,JIS6K(5ﾀｯﾌﾟ),440-254,Δ/Yn,無,1433-3521,3MT3P200K66K4,13143000 ,3923200 
ﾓｰﾙﾄﾞﾄﾗﾝｽ,ﾄｯﾌﾟﾗﾝﾅｰⅢ ﾓｰﾙﾄﾞ 60Hz,3,300,JIS6K(5ﾀｯﾌﾟ),440-254,Δ/Yn,無,1434-3531,3MT3P300K66K4,17264000 ,5153200 
ﾓｰﾙﾄﾞﾄﾗﾝｽ,ﾄｯﾌﾟﾗﾝﾅｰⅢ ﾓｰﾙﾄﾞ 60Hz,3,500,JIS6K(5ﾀｯﾌﾟ),440-254,Δ/Yn,無,1434-3551,3MT3P500K66K4,25499000 ,7611600 
ﾓｰﾙﾄﾞﾄﾗﾝｽ,ﾄｯﾌﾟﾗﾝﾅｰⅢ ﾓｰﾙﾄﾞ 60Hz,3,750,JIS6K(5ﾀｯﾌﾟ),440-254,Δ/Yn,無,1434-3571,3MT3P750K66K4,30278000 ,9038000 
ﾓｰﾙﾄﾞﾄﾗﾝｽ,ﾄｯﾌﾟﾗﾝﾅｰⅢ ﾓｰﾙﾄﾞ 60Hz,3,1000,JIS6K(5ﾀｯﾌﾟ),440-254,Δ/Yn,無,1434-3501,3MT3P1000K66K4,38211000 ,11406000 
ﾓｰﾙﾄﾞﾄﾗﾝｽ,ﾄｯﾌﾟﾗﾝﾅｰⅢ ﾓｰﾙﾄﾞ 60Hz,3,1500,JIS6K(5ﾀｯﾌﾟ),440-254,Δ/Yn,無,1434-3511,3MT3P1500K66K4,50844000 ,15177200 
ﾓｰﾙﾄﾞﾄﾗﾝｽ,ﾄｯﾌﾟﾗﾝﾅｰⅢ ﾓｰﾙﾄﾞ 60Hz,3,2000,JIS6K(5ﾀｯﾌﾟ),440-254,Δ/Yn,無,1434-3521,3MT3P2000K66K4,66773000 ,19932000 
ﾓｰﾙﾄﾞﾄﾗﾝｽ,ﾄｯﾌﾟﾗﾝﾅｰⅢ ﾓｰﾙﾄﾞ 60Hz,3,20,JIS6K(3ﾀｯﾌﾟ),440-254,Δ/Yn,CP,1432-3522,3MT3P20K66K4C,6774000 ,2022000 
ﾓｰﾙﾄﾞﾄﾗﾝｽ,ﾄｯﾌﾟﾗﾝﾅｰⅢ ﾓｰﾙﾄﾞ 60Hz,3,30,JIS6K(3ﾀｯﾌﾟ),440-254,Δ/Yn,CP,1432-3532,3MT3P30K66K4C,7366000 ,2198800 
ﾓｰﾙﾄﾞﾄﾗﾝｽ,ﾄｯﾌﾟﾗﾝﾅｰⅢ ﾓｰﾙﾄﾞ 60Hz,3,50,JIS6K(3ﾀｯﾌﾟ),440-254,Δ/Yn,CP,1432-3552,3MT3P50K66K4C,8362000 ,2496000 
ﾓｰﾙﾄﾞﾄﾗﾝｽ,ﾄｯﾌﾟﾗﾝﾅｰⅢ ﾓｰﾙﾄﾞ 60Hz,3,75,JIS6K(5ﾀｯﾌﾟ),440-254,Δ/Yn,CP,1433-3572,3MT3P75K66K4C,8968000 ,2676800 
ﾓｰﾙﾄﾞﾄﾗﾝｽ,ﾄｯﾌﾟﾗﾝﾅｰⅢ ﾓｰﾙﾄﾞ 60Hz,3,100,JIS6K(5ﾀｯﾌﾟ),440-254,Δ/Yn,CP,1433-3502,3MT3P100K66K4C,9929000 ,2963600 
ﾓｰﾙﾄﾞﾄﾗﾝｽ,ﾄｯﾌﾟﾗﾝﾅｰⅢ ﾓｰﾙﾄﾞ 60Hz,3,150,JIS6K(5ﾀｯﾌﾟ),440-254,Δ/Yn,CP,1433-3512,3MT3P150K66K4C,12193000 ,3639600 
ﾓｰﾙﾄﾞﾄﾗﾝｽ,ﾄｯﾌﾟﾗﾝﾅｰⅢ ﾓｰﾙﾄﾞ 60Hz,3,200,JIS6K(5ﾀｯﾌﾟ),440-254,Δ/Yn,CP,1433-3522,3MT3P200K66K4C,14459000 ,4316000 
ﾓｰﾙﾄﾞﾄﾗﾝｽ,ﾄｯﾌﾟﾗﾝﾅｰⅢ ﾓｰﾙﾄﾞ 60Hz,3,300,JIS6K(5ﾀｯﾌﾟ),440-254,Δ/Yn,CP,1434-3532,3MT3P300K66K4C,18988000 ,5668000 
ﾓｰﾙﾄﾞﾄﾗﾝｽ,ﾄｯﾌﾟﾗﾝﾅｰⅢ ﾓｰﾙﾄﾞ 60Hz,3,500,JIS6K(5ﾀｯﾌﾟ),440-254,Δ/Yn,CP,1434-3552,3MT3P500K66K4C,28052000 ,8373600 
ﾓｰﾙﾄﾞﾄﾗﾝｽ,ﾄｯﾌﾟﾗﾝﾅｰⅢ ﾓｰﾙﾄﾞ 60Hz,3,750,JIS6K(5ﾀｯﾌﾟ),440-254,Δ/Yn,CP,1434-3572,3MT3P750K66K4C,33310000 ,9943200 
ﾓｰﾙﾄﾞﾄﾗﾝｽ,ﾄｯﾌﾟﾗﾝﾅｰⅢ ﾓｰﾙﾄﾞ 60Hz,3,1000,JIS6K(5ﾀｯﾌﾟ),440-254,Δ/Yn,CP,1434-3502,3MT3P1000K66K4C,42039000 ,12548800 
ﾓｰﾙﾄﾞﾄﾗﾝｽ,ﾄｯﾌﾟﾗﾝﾅｰⅢ ﾓｰﾙﾄﾞ 60Hz,3,1500,JIS6K(5ﾀｯﾌﾟ),440-254,Δ/Yn,CP,1434-3512,3MT3P1500K66K4C,55925000 ,16694000 
ﾓｰﾙﾄﾞﾄﾗﾝｽ,ﾄｯﾌﾟﾗﾝﾅｰⅢ ﾓｰﾙﾄﾞ 60Hz,3,2000,JIS6K(5ﾀｯﾌﾟ),440-254,Δ/Yn,CP,1434-3522,3MT3P2000K66K4C,73455000 ,21926800 
ﾓｰﾙﾄﾞﾄﾗﾝｽ,ﾄｯﾌﾟﾗﾝﾅｰⅢ ﾓｰﾙﾄﾞ 60Hz,3,20,JIS6-3K(3ﾀｯﾌﾟ),440-254,Δ/Yn,無,1432-3323,3MT3P20K663K4,8311000 ,2480800 
ﾓｰﾙﾄﾞﾄﾗﾝｽ,ﾄｯﾌﾟﾗﾝﾅｰⅢ ﾓｰﾙﾄﾞ 60Hz,3,30,JIS6-3K(3ﾀｯﾌﾟ),440-254,Δ/Yn,無,1432-3333,3MT3P30K663K4,9037000 ,2697600 
ﾓｰﾙﾄﾞﾄﾗﾝｽ,ﾄｯﾌﾟﾗﾝﾅｰⅢ ﾓｰﾙﾄﾞ 60Hz,3,50,JIS6-3K(3ﾀｯﾌﾟ),440-254,Δ/Yn,無,1432-3353,3MT3P50K663K4,10258000 ,3062000 
ﾓｰﾙﾄﾞﾄﾗﾝｽ,ﾄｯﾌﾟﾗﾝﾅｰⅢ ﾓｰﾙﾄﾞ 60Hz,3,75,JIS6-3K(5ﾀｯﾌﾟ),440-254,Δ/Yn,無,1433-3373,3MT3P75K663K4,10998000 ,3282800 
ﾓｰﾙﾄﾞﾄﾗﾝｽ,ﾄｯﾌﾟﾗﾝﾅｰⅢ ﾓｰﾙﾄﾞ 60Hz,3,100,JIS6-3K(5ﾀｯﾌﾟ),440-254,Δ/Yn,無,1433-3303,3MT3P100K663K4,12178000 ,3635200 
ﾓｰﾙﾄﾞﾄﾗﾝｽ,ﾄｯﾌﾟﾗﾝﾅｰⅢ ﾓｰﾙﾄﾞ 60Hz,3,150,JIS6-3K(5ﾀｯﾌﾟ),440-254,Δ/Yn,無,1433-3313,3MT3P150K663K4,14962000 ,4466000 
ﾓｰﾙﾄﾞﾄﾗﾝｽ,ﾄｯﾌﾟﾗﾝﾅｰⅢ ﾓｰﾙﾄﾞ 60Hz,3,200,JIS6-3K(5ﾀｯﾌﾟ),440-254,Δ/Yn,無,1433-3323,3MT3P200K663K4,17745000 ,5296800 
ﾓｰﾙﾄﾞﾄﾗﾝｽ,ﾄｯﾌﾟﾗﾝﾅｰⅢ ﾓｰﾙﾄﾞ 60Hz,3,300,JIS6-3K(5ﾀｯﾌﾟ),440-254,Δ/Yn,無,1434-3333,3MT3P300K663K4,23310000 ,6958000 
ﾓｰﾙﾄﾞﾄﾗﾝｽ,ﾄｯﾌﾟﾗﾝﾅｰⅢ ﾓｰﾙﾄﾞ 60Hz,3,500,JIS6-3K(5ﾀｯﾌﾟ),440-254,Δ/Yn,無,1434-3353,3MT3P500K663K4,34424000 ,10275600 
ﾓｰﾙﾄﾞﾄﾗﾝｽ,ﾄｯﾌﾟﾗﾝﾅｰⅢ ﾓｰﾙﾄﾞ 60Hz,3,750,JIS6-3K(5ﾀｯﾌﾟ),440-254,Δ/Yn,無,1434-3373,3MT3P750K663K4,40875000 ,12201200 
ﾓｰﾙﾄﾞﾄﾗﾝｽ,ﾄｯﾌﾟﾗﾝﾅｰⅢ ﾓｰﾙﾄﾞ 60Hz,3,1000,JIS6-3K(5ﾀｯﾌﾟ),440-254,Δ/Yn,無,1434-3303,3MT3P1000K663K4,51584000 ,15398000 
ﾓｰﾙﾄﾞﾄﾗﾝｽ,ﾄｯﾌﾟﾗﾝﾅｰⅢ ﾓｰﾙﾄﾞ 60Hz,3,20,JIS3K(3ﾀｯﾌﾟ),440-254,Δ/Yn,無,1432-3424,3MT3P20K63K4,6469000 ,1930800 
ﾓｰﾙﾄﾞﾄﾗﾝｽ,ﾄｯﾌﾟﾗﾝﾅｰⅢ ﾓｰﾙﾄﾞ 60Hz,3,30,JIS3K(3ﾀｯﾌﾟ),440-254,Δ/Yn,無,1432-3434,3MT3P30K63K4,7029000 ,2098000 
ﾓｰﾙﾄﾞﾄﾗﾝｽ,ﾄｯﾌﾟﾗﾝﾅｰⅢ ﾓｰﾙﾄﾞ 60Hz,3,50,JIS3K(3ﾀｯﾌﾟ),440-254,Δ/Yn,無,1432-3454,3MT3P50K63K4,7980000 ,2382000 
ﾓｰﾙﾄﾞﾄﾗﾝｽ,ﾄｯﾌﾟﾗﾝﾅｰⅢ ﾓｰﾙﾄﾞ 60Hz,3,75,JIS3K(5ﾀｯﾌﾟ),440-254,Δ/Yn,無,1433-3474,3MT3P75K63K4,8556000 ,2554000 
ﾓｰﾙﾄﾞﾄﾗﾝｽ,ﾄｯﾌﾟﾗﾝﾅｰⅢ ﾓｰﾙﾄﾞ 60Hz,3,100,JIS3K(5ﾀｯﾌﾟ),440-254,Δ/Yn,無,1433-3404,3MT3P100K63K4,9473000 ,2827600 
ﾓｰﾙﾄﾞﾄﾗﾝｽ,ﾄｯﾌﾟﾗﾝﾅｰⅢ ﾓｰﾙﾄﾞ 60Hz,3,150,JIS3K(5ﾀｯﾌﾟ),440-254,Δ/Yn,無,1433-3414,3MT3P150K63K4,11641000 ,3474800 
ﾓｰﾙﾄﾞﾄﾗﾝｽ,ﾄｯﾌﾟﾗﾝﾅｰⅢ ﾓｰﾙﾄﾞ 60Hz,3,200,JIS3K(5ﾀｯﾌﾟ),440-254,Δ/Yn,無,1433-3424,3MT3P200K63K4,13801000 ,4119600 
ﾓｰﾙﾄﾞﾄﾗﾝｽ,ﾄｯﾌﾟﾗﾝﾅｰⅢ ﾓｰﾙﾄﾞ 60Hz,3,300,JIS3K(5ﾀｯﾌﾟ),440-254,Δ/Yn,無,1434-3434,3MT3P300K63K4,18129000 ,5411600 
ﾓｰﾙﾄﾞﾄﾗﾝｽ,ﾄｯﾌﾟﾗﾝﾅｰⅢ ﾓｰﾙﾄﾞ 60Hz,3,500,JIS3K(5ﾀｯﾌﾟ),440-254,Δ/Yn,無,1434-3454,3MT3P500K63K4,26779000 ,7993600 
ﾓｰﾙﾄﾞﾄﾗﾝｽ,ﾄｯﾌﾟﾗﾝﾅｰⅢ ﾓｰﾙﾄﾞ 60Hz,3,750,JIS3K(5ﾀｯﾌﾟ),440-254,Δ/Yn,無,1434-3474,3MT3P750K63K4,31796000 ,9491200 
ﾓｰﾙﾄﾞﾄﾗﾝｽ,ﾄｯﾌﾟﾗﾝﾅｰⅢ ﾓｰﾙﾄﾞ 60Hz,3,1000,JIS3K(5ﾀｯﾌﾟ),440-254,Δ/Yn,無,1434-3404,3MT3P1000K63K4,40125000 ,11977600 
ﾓｰﾙﾄﾞﾄﾗﾝｽ,ﾄｯﾌﾟﾗﾝﾅｰⅢ ﾓｰﾙﾄﾞ 60Hz,3,1500,JIS3K(5ﾀｯﾌﾟ),440-254,Δ/Yn,無,1434-3413,3MT3P1500K63K4,53386000 ,15936000 
ﾓｰﾙﾄﾞﾄﾗﾝｽ,ﾄｯﾌﾟﾗﾝﾅｰⅢ ﾓｰﾙﾄﾞ 60Hz,3,2000,JIS3K(5ﾀｯﾌﾟ),440-254,Δ/Yn,無,1434-3424,3MT3P2000K63K4,70115000 ,20929600 
ﾓｰﾙﾄﾞﾄﾗﾝｽ,ﾄｯﾌﾟﾗﾝﾅｰⅢ ﾓｰﾙﾄﾞ 60Hz,3,20,JIS6-3K(3ﾀｯﾌﾟ),440-254,Δ/Yn,CP,1432-3425,3MT3P20K663K4C,8922000 ,2663200 
ﾓｰﾙﾄﾞﾄﾗﾝｽ,ﾄｯﾌﾟﾗﾝﾅｰⅢ ﾓｰﾙﾄﾞ 60Hz,3,30,JIS6-3K(3ﾀｯﾌﾟ),440-254,Δ/Yn,CP,1432-3435,3MT3P30K663K4C,9706000 ,2897200 
ﾓｰﾙﾄﾞﾄﾗﾝｽ,ﾄｯﾌﾟﾗﾝﾅｰⅢ ﾓｰﾙﾄﾞ 60Hz,3,50,JIS6-3K(3ﾀｯﾌﾟ),440-254,Δ/Yn,CP,1432-3455,3MT3P50K663K4C,11015000 ,3288000 
ﾓｰﾙﾄﾞﾄﾗﾝｽ,ﾄｯﾌﾟﾗﾝﾅｰⅢ ﾓｰﾙﾄﾞ 60Hz,3,75,JIS6-3K(5ﾀｯﾌﾟ),440-254,Δ/Yn,CP,1433-3575,3MT3P75K663K4C,11811000 ,3525600 
ﾓｰﾙﾄﾞﾄﾗﾝｽ,ﾄｯﾌﾟﾗﾝﾅｰⅢ ﾓｰﾙﾄﾞ 60Hz,3,100,JIS6-3K(5ﾀｯﾌﾟ),440-254,Δ/Yn,CP,1433-3405,3MT3P100K663K4C,13084000 ,3905600 
ﾓｰﾙﾄﾞﾄﾗﾝｽ,ﾄｯﾌﾟﾗﾝﾅｰⅢ ﾓｰﾙﾄﾞ 60Hz,3,150,JIS6-3K(5ﾀｯﾌﾟ),440-254,Δ/Yn,CP,1433-3615,3MT3P150K663K4C,16071000 ,4797200 
ﾓｰﾙﾄﾞﾄﾗﾝｽ,ﾄｯﾌﾟﾗﾝﾅｰⅢ ﾓｰﾙﾄﾞ 60Hz,3,200,JIS6-3K(5ﾀｯﾌﾟ),440-254,Δ/Yn,CP,1433-3425,3MT3P200K663K4C,19059000 ,5689200 
ﾓｰﾙﾄﾞﾄﾗﾝｽ,ﾄｯﾌﾟﾗﾝﾅｰⅢ ﾓｰﾙﾄﾞ 60Hz,3,300,JIS6-3K(5ﾀｯﾌﾟ),440-254,Δ/Yn,CP,1434-3435,3MT3P300K663K4C,25032000 ,7472000 
ﾓｰﾙﾄﾞﾄﾗﾝｽ,ﾄｯﾌﾟﾗﾝﾅｰⅢ ﾓｰﾙﾄﾞ 60Hz,3,500,JIS6-3K(5ﾀｯﾌﾟ),440-254,Δ/Yn,CP,1434-3455,3MT3P500K663K4C,36970000 ,11035600 
ﾓｰﾙﾄﾞﾄﾗﾝｽ,ﾄｯﾌﾟﾗﾝﾅｰⅢ ﾓｰﾙﾄﾞ 60Hz,3,750,JIS6-3K(5ﾀｯﾌﾟ),440-254,Δ/Yn,CP,1434-3475,3MT3P750K663K4C,43906000 ,13106000 
ﾓｰﾙﾄﾞﾄﾗﾝｽ,ﾄｯﾌﾟﾗﾝﾅｰⅢ ﾓｰﾙﾄﾞ 60Hz,3,1000,JIS6-3K(5ﾀｯﾌﾟ),440-254,Δ/Yn,CP,1434-3405,3MT3P1000K663K4C,55409000 ,16540000 
ﾓｰﾙﾄﾞﾄﾗﾝｽ,ﾄｯﾌﾟﾗﾝﾅｰⅢ ﾓｰﾙﾄﾞ 60Hz,3,20,JIS3K(3ﾀｯﾌﾟ),440-254,Δ/Yn,CP,1432-3426,3MT3P20K63K4C,7080000 ,2113200 
ﾓｰﾙﾄﾞﾄﾗﾝｽ,ﾄｯﾌﾟﾗﾝﾅｰⅢ ﾓｰﾙﾄﾞ 60Hz,3,30,JIS3K(3ﾀｯﾌﾟ),440-254,Δ/Yn,CP,1432-3436,3MT3P30K63K4C,7701000 ,2298800 
ﾓｰﾙﾄﾞﾄﾗﾝｽ,ﾄｯﾌﾟﾗﾝﾅｰⅢ ﾓｰﾙﾄﾞ 60Hz,3,50,JIS3K(3ﾀｯﾌﾟ),440-254,Δ/Yn,CP,1432-3456,3MT3P50K63K4C,8737000 ,2608000 
ﾓｰﾙﾄﾞﾄﾗﾝｽ,ﾄｯﾌﾟﾗﾝﾅｰⅢ ﾓｰﾙﾄﾞ 60Hz,3,75,JIS3K(5ﾀｯﾌﾟ),440-254,Δ/Yn,CP,1433-3476,3MT3P75K63K4C,9371000 ,2797200 
ﾓｰﾙﾄﾞﾄﾗﾝｽ,ﾄｯﾌﾟﾗﾝﾅｰⅢ ﾓｰﾙﾄﾞ 60Hz,3,100,JIS3K(5ﾀｯﾌﾟ),440-254,Δ/Yn,CP,1433-3406,3MT3P100K63K4C,10379000 ,3098000 
ﾓｰﾙﾄﾞﾄﾗﾝｽ,ﾄｯﾌﾟﾗﾝﾅｰⅢ ﾓｰﾙﾄﾞ 60Hz,3,150,JIS3K(5ﾀｯﾌﾟ),440-254,Δ/Yn,CP,1433-3416,3MT3P150K63K4C,12744000 ,3804000 
ﾓｰﾙﾄﾞﾄﾗﾝｽ,ﾄｯﾌﾟﾗﾝﾅｰⅢ ﾓｰﾙﾄﾞ 60Hz,3,200,JIS3K(5ﾀｯﾌﾟ),440-254,Δ/Yn,CP,1433-3426,3MT3P200K63K4C,15116000 ,4512000 
ﾓｰﾙﾄﾞﾄﾗﾝｽ,ﾄｯﾌﾟﾗﾝﾅｰⅢ ﾓｰﾙﾄﾞ 60Hz,3,300,JIS3K(5ﾀｯﾌﾟ),440-254,Δ/Yn,CP,1434-3436,3MT3P300K63K4C,19855000 ,5926800 
ﾓｰﾙﾄﾞﾄﾗﾝｽ,ﾄｯﾌﾟﾗﾝﾅｰⅢ ﾓｰﾙﾄﾞ 60Hz,3,500,JIS3K(5ﾀｯﾌﾟ),440-254,Δ/Yn,CP,1434-3456,3MT3P500K63K4C,29325000 ,8753600 
ﾓｰﾙﾄﾞﾄﾗﾝｽ,ﾄｯﾌﾟﾗﾝﾅｰⅢ ﾓｰﾙﾄﾞ 60Hz,3,750,JIS3K(5ﾀｯﾌﾟ),440-254,Δ/Yn,CP,1434-3476,3MT3P750K63K4C,34819000 ,10393600 
ﾓｰﾙﾄﾞﾄﾗﾝｽ,ﾄｯﾌﾟﾗﾝﾅｰⅢ ﾓｰﾙﾄﾞ 60Hz,3,1000,JIS3K(5ﾀｯﾌﾟ),440-254,Δ/Yn,CP,1434-3406,3MT3P1000K63K4C,43944000 ,13117600 
ﾓｰﾙﾄﾞﾄﾗﾝｽ,ﾄｯﾌﾟﾗﾝﾅｰⅢ ﾓｰﾙﾄﾞ 60Hz,3,1500,JIS3K(5ﾀｯﾌﾟ),440-254,Δ/Yn,CP,1434-3416,3MT3P1500K63K4C,58467000 ,17452800 
ﾓｰﾙﾄﾞﾄﾗﾝｽ,ﾄｯﾌﾟﾗﾝﾅｰⅢ ﾓｰﾙﾄﾞ 60Hz,3,2000,JIS3K(5ﾀｯﾌﾟ),440-254,Δ/Yn,CP,1434-3426,3MT3P2000K63K4C,76789000 ,22922000 
ｵﾌﾟｼｮﾝ(油入変圧器用),HF形端子箱(注5),1,10,,,,,,,見積品,見積品
ｵﾌﾟｼｮﾝ(油入変圧器用),HF形端子箱(注5),1,20,,,,,,,見積品,見積品
ｵﾌﾟｼｮﾝ(油入変圧器用),HF形端子箱(注5),1,30,,,,,,,見積品,見積品
ｵﾌﾟｼｮﾝ(油入変圧器用),HF形端子箱(注5),1,50,,,,,,,見積品,見積品
ｵﾌﾟｼｮﾝ(油入変圧器用),HF形端子箱(注5),1,75,,,,,,,43080 ,1444000 
ｵﾌﾟｼｮﾝ(油入変圧器用),HF形端子箱(注5),1,100,,,,,,,43080 ,1444000 
ｵﾌﾟｼｮﾝ(油入変圧器用),HF形端子箱(注5),1,150,,,,,,,43080 ,1444000 
ｵﾌﾟｼｮﾝ(油入変圧器用),HF形端子箱(注5),1,200,,,,,,,43080 ,1444000 
ｵﾌﾟｼｮﾝ(油入変圧器用),HF形端子箱(注5),1,300,,,,,,,43080 ,1444000 
ｵﾌﾟｼｮﾝ(油入変圧器用),HF形端子箱(注5),1,500,,,,,,,43080 ,1444000 
ｵﾌﾟｼｮﾝ(油入変圧器用),HF形端子箱(注5),1,750,,,,,,,43080 ,1444000 
ｵﾌﾟｼｮﾝ(油入変圧器用),HF形端子箱(注5),1,1000,,,,,,,43080 ,1444000 
ｵﾌﾟｼｮﾝ(油入変圧器用),HF形端子箱(注5),1,1500,,,,,,,43080 ,1444000 
ｵﾌﾟｼｮﾝ(油入変圧器用),HF形端子箱(注5),1,2000,,,,,,,43080 ,1444000 
ｵﾌﾟｼｮﾝ(油入変圧器用),HF形端子箱(注5),3,10,,,,,,,見積品,見積品
ｵﾌﾟｼｮﾝ(油入変圧器用),HF形端子箱(注5),3,20,,,,,,,見積品,見積品
ｵﾌﾟｼｮﾝ(油入変圧器用),HF形端子箱(注5),3,30,,,,,,,見積品,見積品
ｵﾌﾟｼｮﾝ(油入変圧器用),HF形端子箱(注5),3,50,,,,,,,見積品,見積品
ｵﾌﾟｼｮﾝ(油入変圧器用),HF形端子箱(注5),3,75,,,,,,,43080 ,1444000 
ｵﾌﾟｼｮﾝ(油入変圧器用),HF形端子箱(注5),3,100,,,,,,,43080 ,1444000 
ｵﾌﾟｼｮﾝ(油入変圧器用),HF形端子箱(注5),3,150,,,,,,,43080 ,1444000 
ｵﾌﾟｼｮﾝ(油入変圧器用),HF形端子箱(注5),3,200,,,,,,,43080 ,1444000 
ｵﾌﾟｼｮﾝ(油入変圧器用),HF形端子箱(注5),3,300,,,,,,,43080 ,1444000 
ｵﾌﾟｼｮﾝ(油入変圧器用),HF形端子箱(注5),3,500,,,,,,,43080 ,1444000 
ｵﾌﾟｼｮﾝ(油入変圧器用),HF形端子箱(注5),3,750,,,,,,,43080 ,1444000 
ｵﾌﾟｼｮﾝ(油入変圧器用),HF形端子箱(注5),3,1000,,,,,,,43080 ,1444000 
ｵﾌﾟｼｮﾝ(油入変圧器用),HF形端子箱(注5),3,1500,,,,,,,43080 ,1444000 
ｵﾌﾟｼｮﾝ(油入変圧器用),HF形端子箱(注5),3,2000,,,,,,,43080 ,1444000 
ｵﾌﾟｼｮﾝ(油入変圧器用),HH形端子箱(注5),1,10,,,,,,,見積品,見積品
ｵﾌﾟｼｮﾝ(油入変圧器用),HH形端子箱(注5),1,20,,,,,,,見積品,見積品
ｵﾌﾟｼｮﾝ(油入変圧器用),HH形端子箱(注5),1,30,,,,,,,見積品,見積品
ｵﾌﾟｼｮﾝ(油入変圧器用),HH形端子箱(注5),1,50,,,,,,,見積品,見積品
ｵﾌﾟｼｮﾝ(油入変圧器用),HH形端子箱(注5),1,75,,,,,,,53880 ,1805000 
ｵﾌﾟｼｮﾝ(油入変圧器用),HH形端子箱(注5),1,100,,,,,,,53880 ,1805000 
ｵﾌﾟｼｮﾝ(油入変圧器用),HH形端子箱(注5),1,150,,,,,,,53880 ,1805000 
ｵﾌﾟｼｮﾝ(油入変圧器用),HH形端子箱(注5),1,200,,,,,,,53880 ,1805000 
ｵﾌﾟｼｮﾝ(油入変圧器用),HH形端子箱(注5),1,300,,,,,,,53880 ,1805000 
ｵﾌﾟｼｮﾝ(油入変圧器用),HH形端子箱(注5),1,500,,,,,,,53880 ,1805000 
ｵﾌﾟｼｮﾝ(油入変圧器用),HH形端子箱(注5),1,750,,,,,,,53880 ,1805000 
ｵﾌﾟｼｮﾝ(油入変圧器用),HH形端子箱(注5),1,1000,,,,,,,53880 ,1805000 
ｵﾌﾟｼｮﾝ(油入変圧器用),HH形端子箱(注5),1,1500,,,,,,,53880 ,1805000 
ｵﾌﾟｼｮﾝ(油入変圧器用),HH形端子箱(注5),1,2000,,,,,,,53880 ,1805000 
ｵﾌﾟｼｮﾝ(油入変圧器用),HH形端子箱(注5),3,10,,,,,,,見積品,見積品
ｵﾌﾟｼｮﾝ(油入変圧器用),HH形端子箱(注5),3,20,,,,,,,見積品,見積品
ｵﾌﾟｼｮﾝ(油入変圧器用),HH形端子箱(注5),3,30,,,,,,,見積品,見積品
ｵﾌﾟｼｮﾝ(油入変圧器用),HH形端子箱(注5),3,50,,,,,,,見積品,見積品
ｵﾌﾟｼｮﾝ(油入変圧器用),HH形端子箱(注5),3,75,,,,,,,53880 ,1805000 
ｵﾌﾟｼｮﾝ(油入変圧器用),HH形端子箱(注5),3,100,,,,,,,53880 ,1805000 
ｵﾌﾟｼｮﾝ(油入変圧器用),HH形端子箱(注5),3,150,,,,,,,53880 ,1805000 
ｵﾌﾟｼｮﾝ(油入変圧器用),HH形端子箱(注5),3,200,,,,,,,53880 ,1805000 
ｵﾌﾟｼｮﾝ(油入変圧器用),HH形端子箱(注5),3,300,,,,,,,53880 ,1805000 
ｵﾌﾟｼｮﾝ(油入変圧器用),HH形端子箱(注5),3,500,,,,,,,53880 ,1805000 
ｵﾌﾟｼｮﾝ(油入変圧器用),HH形端子箱(注5),3,750,,,,,,,53880 ,1805000 
ｵﾌﾟｼｮﾝ(油入変圧器用),HH形端子箱(注5),3,1000,,,,,,,53880 ,1805000 
ｵﾌﾟｼｮﾝ(油入変圧器用),HH形端子箱(注5),3,1500,,,,,,,53880 ,1805000 
ｵﾌﾟｼｮﾝ(油入変圧器用),HH形端子箱(注5),3,2000,,,,,,,53880 ,1805000 
ｵﾌﾟｼｮﾝ(油入変圧器用),T形端子箱(注5),1,10,,,,,,,見積品,見積品
ｵﾌﾟｼｮﾝ(油入変圧器用),T形端子箱(注5),1,20,,,,,,,見積品,見積品
ｵﾌﾟｼｮﾝ(油入変圧器用),T形端子箱(注5),1,30,,,,,,,見積品,見積品
ｵﾌﾟｼｮﾝ(油入変圧器用),T形端子箱(注5),1,50,,,,,,,見積品,見積品
ｵﾌﾟｼｮﾝ(油入変圧器用),T形端子箱(注5),1,75,,,,,,,32360 ,1085000 
ｵﾌﾟｼｮﾝ(油入変圧器用),T形端子箱(注5),1,100,,,,,,,32360 ,1085000 
ｵﾌﾟｼｮﾝ(油入変圧器用),T形端子箱(注5),1,150,,,,,,,32360 ,1085000 
ｵﾌﾟｼｮﾝ(油入変圧器用),T形端子箱(注5),1,200,,,,,,,32360 ,1085000 
ｵﾌﾟｼｮﾝ(油入変圧器用),T形端子箱(注5),1,300,,,,,,,32360 ,1085000 
ｵﾌﾟｼｮﾝ(油入変圧器用),T形端子箱(注5),1,500,,,,,,,32360 ,1085000 
ｵﾌﾟｼｮﾝ(油入変圧器用),T形端子箱(注5),1,750,,,,,,,32360 ,1085000 
ｵﾌﾟｼｮﾝ(油入変圧器用),T形端子箱(注5),1,1000,,,,,,,32360 ,1085000 
ｵﾌﾟｼｮﾝ(油入変圧器用),T形端子箱(注5),1,1500,,,,,,,32360 ,1085000 
ｵﾌﾟｼｮﾝ(油入変圧器用),T形端子箱(注5),1,2000,,,,,,,32360 ,1085000 
ｵﾌﾟｼｮﾝ(油入変圧器用),T形端子箱(注5),3,10,,,,,,,見積品,見積品
ｵﾌﾟｼｮﾝ(油入変圧器用),T形端子箱(注5),3,20,,,,,,,見積品,見積品
ｵﾌﾟｼｮﾝ(油入変圧器用),T形端子箱(注5),3,30,,,,,,,見積品,見積品
ｵﾌﾟｼｮﾝ(油入変圧器用),T形端子箱(注5),3,50,,,,,,,見積品,見積品
ｵﾌﾟｼｮﾝ(油入変圧器用),T形端子箱(注5),3,75,,,,,,,32360 ,1085000 
ｵﾌﾟｼｮﾝ(油入変圧器用),T形端子箱(注5),3,100,,,,,,,32360 ,1085000 
ｵﾌﾟｼｮﾝ(油入変圧器用),T形端子箱(注5),3,150,,,,,,,32360 ,1085000 
ｵﾌﾟｼｮﾝ(油入変圧器用),T形端子箱(注5),3,200,,,,,,,32360 ,1085000 
ｵﾌﾟｼｮﾝ(油入変圧器用),T形端子箱(注5),3,300,,,,,,,32360 ,1085000 
ｵﾌﾟｼｮﾝ(油入変圧器用),T形端子箱(注5),3,500,,,,,,,32360 ,1085000 
ｵﾌﾟｼｮﾝ(油入変圧器用),T形端子箱(注5),3,750,,,,,,,32360 ,1085000 
ｵﾌﾟｼｮﾝ(油入変圧器用),T形端子箱(注5),3,1000,,,,,,,32360 ,1085000 
ｵﾌﾟｼｮﾝ(油入変圧器用),T形端子箱(注5),3,1500,,,,,,,32360 ,1085000 
ｵﾌﾟｼｮﾝ(油入変圧器用),T形端子箱(注5),3,2000,,,,,,,32360 ,1085000 
ｵﾌﾟｼｮﾝ(ﾓｰﾙﾄﾞﾄﾗﾝｽ用),ｹｰｽ(一次・二次共に上部引込),1,10,,,,,,,38280 ,1283000 
ｵﾌﾟｼｮﾝ(ﾓｰﾙﾄﾞﾄﾗﾝｽ用),ｹｰｽ(一次・二次共に上部引込),1,20,,,,,,,38280 ,1283000 
ｵﾌﾟｼｮﾝ(ﾓｰﾙﾄﾞﾄﾗﾝｽ用),ｹｰｽ(一次・二次共に上部引込),1,30,,,,,,,38280 ,1283000 
ｵﾌﾟｼｮﾝ(ﾓｰﾙﾄﾞﾄﾗﾝｽ用),ｹｰｽ(一次・二次共に上部引込),1,50,,,,,,,38280 ,1283000 
ｵﾌﾟｼｮﾝ(ﾓｰﾙﾄﾞﾄﾗﾝｽ用),ｹｰｽ(一次・二次共に上部引込),1,75,,,,,,,41320 ,1385000 
ｵﾌﾟｼｮﾝ(ﾓｰﾙﾄﾞﾄﾗﾝｽ用),ｹｰｽ(一次・二次共に上部引込),1,100,,,,,,,41320 ,1385000 
ｵﾌﾟｼｮﾝ(ﾓｰﾙﾄﾞﾄﾗﾝｽ用),ｹｰｽ(一次・二次共に上部引込),1,150,,,,,,,41320 ,1385000 
ｵﾌﾟｼｮﾝ(ﾓｰﾙﾄﾞﾄﾗﾝｽ用),ｹｰｽ(一次・二次共に上部引込),1,200,,,,,,,41320 ,1385000 
ｵﾌﾟｼｮﾝ(ﾓｰﾙﾄﾞﾄﾗﾝｽ用),ｹｰｽ(一次・二次共に上部引込),1,300,,,,,,,52680 ,1765000 
ｵﾌﾟｼｮﾝ(ﾓｰﾙﾄﾞﾄﾗﾝｽ用),ｹｰｽ(一次・二次共に上部引込),1,500,,,,,,,68120 ,2283000 
ｵﾌﾟｼｮﾝ(ﾓｰﾙﾄﾞﾄﾗﾝｽ用),ｹｰｽ(一次・二次共に上部引込),1,750,,,,,,,103280 ,3460000 
ｵﾌﾟｼｮﾝ(ﾓｰﾙﾄﾞﾄﾗﾝｽ用),ｹｰｽ(一次・二次共に上部引込),1,1000,,,,,,,134120 ,4494000 
ｵﾌﾟｼｮﾝ(ﾓｰﾙﾄﾞﾄﾗﾝｽ用),ｹｰｽ(一次・二次共に上部引込),1,1500,,,,,,,見積品,見積品
ｵﾌﾟｼｮﾝ(ﾓｰﾙﾄﾞﾄﾗﾝｽ用),ｹｰｽ(一次・二次共に上部引込),1,2000,,,,,,,見積品,見積品
ｵﾌﾟｼｮﾝ(ﾓｰﾙﾄﾞﾄﾗﾝｽ用),ｹｰｽ(一次・二次共に上部引込),3,10,,,,,,,38280 ,1283000 
ｵﾌﾟｼｮﾝ(ﾓｰﾙﾄﾞﾄﾗﾝｽ用),ｹｰｽ(一次・二次共に上部引込),3,20,,,,,,,38280 ,1283000 
ｵﾌﾟｼｮﾝ(ﾓｰﾙﾄﾞﾄﾗﾝｽ用),ｹｰｽ(一次・二次共に上部引込),3,30,,,,,,,38280 ,1283000 
ｵﾌﾟｼｮﾝ(ﾓｰﾙﾄﾞﾄﾗﾝｽ用),ｹｰｽ(一次・二次共に上部引込),3,50,,,,,,,38280 ,1283000 
ｵﾌﾟｼｮﾝ(ﾓｰﾙﾄﾞﾄﾗﾝｽ用),ｹｰｽ(一次・二次共に上部引込),3,75,,,,,,,41320 ,1385000 
ｵﾌﾟｼｮﾝ(ﾓｰﾙﾄﾞﾄﾗﾝｽ用),ｹｰｽ(一次・二次共に上部引込),3,100,,,,,,,41320 ,1385000 
ｵﾌﾟｼｮﾝ(ﾓｰﾙﾄﾞﾄﾗﾝｽ用),ｹｰｽ(一次・二次共に上部引込),3,150,,,,,,,41320 ,1385000 
ｵﾌﾟｼｮﾝ(ﾓｰﾙﾄﾞﾄﾗﾝｽ用),ｹｰｽ(一次・二次共に上部引込),3,200,,,,,,,41320 ,1385000 
ｵﾌﾟｼｮﾝ(ﾓｰﾙﾄﾞﾄﾗﾝｽ用),ｹｰｽ(一次・二次共に上部引込),3,300,,,,,,,52680 ,1765000 
ｵﾌﾟｼｮﾝ(ﾓｰﾙﾄﾞﾄﾗﾝｽ用),ｹｰｽ(一次・二次共に上部引込),3,500,,,,,,,68120 ,2283000 
ｵﾌﾟｼｮﾝ(ﾓｰﾙﾄﾞﾄﾗﾝｽ用),ｹｰｽ(一次・二次共に上部引込),3,750,,,,,,,103280 ,3460000 
ｵﾌﾟｼｮﾝ(ﾓｰﾙﾄﾞﾄﾗﾝｽ用),ｹｰｽ(一次・二次共に上部引込),3,1000,,,,,,,134120 ,4494000 
ｵﾌﾟｼｮﾝ(ﾓｰﾙﾄﾞﾄﾗﾝｽ用),ｹｰｽ(一次・二次共に上部引込),3,1500,,,,,,,見積品,見積品
ｵﾌﾟｼｮﾝ(ﾓｰﾙﾄﾞﾄﾗﾝｽ用),ｹｰｽ(一次・二次共に上部引込),3,2000,,,,,,,見積品,見積品
ｵﾌﾟｼｮﾝ(ﾓｰﾙﾄﾞﾄﾗﾝｽ用),ｹｰｽ特殊塗装色(標準N5.5艶有り以外),1,10,,,,,,,4280 ,144000 
ｵﾌﾟｼｮﾝ(ﾓｰﾙﾄﾞﾄﾗﾝｽ用),ｹｰｽ特殊塗装色(標準N5.5艶有り以外),1,20,,,,,,,4280 ,144000 
ｵﾌﾟｼｮﾝ(ﾓｰﾙﾄﾞﾄﾗﾝｽ用),ｹｰｽ特殊塗装色(標準N5.5艶有り以外),1,30,,,,,,,4280 ,144000 
ｵﾌﾟｼｮﾝ(ﾓｰﾙﾄﾞﾄﾗﾝｽ用),ｹｰｽ特殊塗装色(標準N5.5艶有り以外),1,50,,,,,,,4280 ,144000 
ｵﾌﾟｼｮﾝ(ﾓｰﾙﾄﾞﾄﾗﾝｽ用),ｹｰｽ特殊塗装色(標準N5.5艶有り以外),1,75,,,,,,,6280 ,211000 
ｵﾌﾟｼｮﾝ(ﾓｰﾙﾄﾞﾄﾗﾝｽ用),ｹｰｽ特殊塗装色(標準N5.5艶有り以外),1,100,,,,,,,6280 ,211000 
ｵﾌﾟｼｮﾝ(ﾓｰﾙﾄﾞﾄﾗﾝｽ用),ｹｰｽ特殊塗装色(標準N5.5艶有り以外),1,150,,,,,,,6280 ,211000 
ｵﾌﾟｼｮﾝ(ﾓｰﾙﾄﾞﾄﾗﾝｽ用),ｹｰｽ特殊塗装色(標準N5.5艶有り以外),1,200,,,,,,,6280 ,211000 
ｵﾌﾟｼｮﾝ(ﾓｰﾙﾄﾞﾄﾗﾝｽ用),ｹｰｽ特殊塗装色(標準N5.5艶有り以外),1,300,,,,,,,8280 ,278000 
ｵﾌﾟｼｮﾝ(ﾓｰﾙﾄﾞﾄﾗﾝｽ用),ｹｰｽ特殊塗装色(標準N5.5艶有り以外),1,500,,,,,,,8280 ,278000 
ｵﾌﾟｼｮﾝ(ﾓｰﾙﾄﾞﾄﾗﾝｽ用),ｹｰｽ特殊塗装色(標準N5.5艶有り以外),1,750,,,,,,,10400 ,349000 
ｵﾌﾟｼｮﾝ(ﾓｰﾙﾄﾞﾄﾗﾝｽ用),ｹｰｽ特殊塗装色(標準N5.5艶有り以外),1,1000,,,,,,,10400 ,349000 
ｵﾌﾟｼｮﾝ(ﾓｰﾙﾄﾞﾄﾗﾝｽ用),ｹｰｽ特殊塗装色(標準N5.5艶有り以外),1,1500,,,,,,,見積品,見積品
ｵﾌﾟｼｮﾝ(ﾓｰﾙﾄﾞﾄﾗﾝｽ用),ｹｰｽ特殊塗装色(標準N5.5艶有り以外),1,2000,,,,,,,見積品,見積品
ｵﾌﾟｼｮﾝ(ﾓｰﾙﾄﾞﾄﾗﾝｽ用),ｹｰｽ特殊塗装色(標準N5.5艶有り以外),3,10,,,,,,,4280 ,144000 
ｵﾌﾟｼｮﾝ(ﾓｰﾙﾄﾞﾄﾗﾝｽ用),ｹｰｽ特殊塗装色(標準N5.5艶有り以外),3,20,,,,,,,4280 ,144000 
ｵﾌﾟｼｮﾝ(ﾓｰﾙﾄﾞﾄﾗﾝｽ用),ｹｰｽ特殊塗装色(標準N5.5艶有り以外),3,30,,,,,,,4280 ,144000 
ｵﾌﾟｼｮﾝ(ﾓｰﾙﾄﾞﾄﾗﾝｽ用),ｹｰｽ特殊塗装色(標準N5.5艶有り以外),3,50,,,,,,,4280 ,144000 
ｵﾌﾟｼｮﾝ(ﾓｰﾙﾄﾞﾄﾗﾝｽ用),ｹｰｽ特殊塗装色(標準N5.5艶有り以外),3,75,,,,,,,6280 ,211000 
ｵﾌﾟｼｮﾝ(ﾓｰﾙﾄﾞﾄﾗﾝｽ用),ｹｰｽ特殊塗装色(標準N5.5艶有り以外),3,100,,,,,,,6280 ,211000 
ｵﾌﾟｼｮﾝ(ﾓｰﾙﾄﾞﾄﾗﾝｽ用),ｹｰｽ特殊塗装色(標準N5.5艶有り以外),3,150,,,,,,,6280 ,211000 
ｵﾌﾟｼｮﾝ(ﾓｰﾙﾄﾞﾄﾗﾝｽ用),ｹｰｽ特殊塗装色(標準N5.5艶有り以外),3,200,,,,,,,6280 ,211000 
ｵﾌﾟｼｮﾝ(ﾓｰﾙﾄﾞﾄﾗﾝｽ用),ｹｰｽ特殊塗装色(標準N5.5艶有り以外),3,300,,,,,,,8280 ,278000 
ｵﾌﾟｼｮﾝ(ﾓｰﾙﾄﾞﾄﾗﾝｽ用),ｹｰｽ特殊塗装色(標準N5.5艶有り以外),3,500,,,,,,,8280 ,278000 
ｵﾌﾟｼｮﾝ(ﾓｰﾙﾄﾞﾄﾗﾝｽ用),ｹｰｽ特殊塗装色(標準N5.5艶有り以外),3,750,,,,,,,10400 ,349000 
ｵﾌﾟｼｮﾝ(ﾓｰﾙﾄﾞﾄﾗﾝｽ用),ｹｰｽ特殊塗装色(標準N5.5艶有り以外),3,1000,,,,,,,10400 ,349000 
ｵﾌﾟｼｮﾝ(ﾓｰﾙﾄﾞﾄﾗﾝｽ用),ｹｰｽ特殊塗装色(標準N5.5艶有り以外),3,1500,,,,,,,見積品,見積品
ｵﾌﾟｼｮﾝ(ﾓｰﾙﾄﾞﾄﾗﾝｽ用),ｹｰｽ特殊塗装色(標準N5.5艶有り以外),3,2000,,,,,,,見積品,見積品
ｵﾌﾟｼｮﾝ(ﾓｰﾙﾄﾞﾄﾗﾝｽ用),ﾀﾞｲﾔﾙ温度計(警報接点・最高指針付、ﾘｰﾄﾞ管2.5m),1,10,,,,,,,9360 ,314000 
ｵﾌﾟｼｮﾝ(ﾓｰﾙﾄﾞﾄﾗﾝｽ用),ﾀﾞｲﾔﾙ温度計(警報接点・最高指針付、ﾘｰﾄﾞ管2.5m),1,20,,,,,,,9360 ,314000 
ｵﾌﾟｼｮﾝ(ﾓｰﾙﾄﾞﾄﾗﾝｽ用),ﾀﾞｲﾔﾙ温度計(警報接点・最高指針付、ﾘｰﾄﾞ管2.5m),1,30,,,,,,,9360 ,314000 
ｵﾌﾟｼｮﾝ(ﾓｰﾙﾄﾞﾄﾗﾝｽ用),ﾀﾞｲﾔﾙ温度計(警報接点・最高指針付、ﾘｰﾄﾞ管2.5m),1,50,,,,,,,9360 ,314000 
ｵﾌﾟｼｮﾝ(ﾓｰﾙﾄﾞﾄﾗﾝｽ用),ﾀﾞｲﾔﾙ温度計(警報接点・最高指針付、ﾘｰﾄﾞ管2.5m),1,75,,,,,,,9360 ,314000 
ｵﾌﾟｼｮﾝ(ﾓｰﾙﾄﾞﾄﾗﾝｽ用),ﾀﾞｲﾔﾙ温度計(警報接点・最高指針付、ﾘｰﾄﾞ管2.5m),1,100,,,,,,,9360 ,314000 
ｵﾌﾟｼｮﾝ(ﾓｰﾙﾄﾞﾄﾗﾝｽ用),ﾀﾞｲﾔﾙ温度計(警報接点・最高指針付、ﾘｰﾄﾞ管2.5m),1,150,,,,,,,9360 ,314000 
ｵﾌﾟｼｮﾝ(ﾓｰﾙﾄﾞﾄﾗﾝｽ用),ﾀﾞｲﾔﾙ温度計(警報接点・最高指針付、ﾘｰﾄﾞ管2.5m),1,200,,,,,,,9360 ,314000 
ｵﾌﾟｼｮﾝ(ﾓｰﾙﾄﾞﾄﾗﾝｽ用),ﾀﾞｲﾔﾙ温度計(警報接点・最高指針付、ﾘｰﾄﾞ管2.5m),1,300,,,,,,,9360 ,314000 
ｵﾌﾟｼｮﾝ(ﾓｰﾙﾄﾞﾄﾗﾝｽ用),ﾀﾞｲﾔﾙ温度計(警報接点・最高指針付、ﾘｰﾄﾞ管2.5m),1,500,,,,,,,9360 ,314000 
ｵﾌﾟｼｮﾝ(ﾓｰﾙﾄﾞﾄﾗﾝｽ用),ﾀﾞｲﾔﾙ温度計(警報接点・最高指針付、ﾘｰﾄﾞ管2.5m),1,750,,,,,,,9360 ,314000 
ｵﾌﾟｼｮﾝ(ﾓｰﾙﾄﾞﾄﾗﾝｽ用),ﾀﾞｲﾔﾙ温度計(警報接点・最高指針付、ﾘｰﾄﾞ管2.5m),1,1000,,,,,,,9360 ,314000 
ｵﾌﾟｼｮﾝ(ﾓｰﾙﾄﾞﾄﾗﾝｽ用),ﾀﾞｲﾔﾙ温度計(警報接点・最高指針付、ﾘｰﾄﾞ管2.5m),1,1500,,,,,,,9360 ,314000 
ｵﾌﾟｼｮﾝ(ﾓｰﾙﾄﾞﾄﾗﾝｽ用),ﾀﾞｲﾔﾙ温度計(警報接点・最高指針付、ﾘｰﾄﾞ管2.5m),1,2000,,,,,,,9360 ,314000 
ｵﾌﾟｼｮﾝ(ﾓｰﾙﾄﾞﾄﾗﾝｽ用),ﾀﾞｲﾔﾙ温度計(警報接点・最高指針付、ﾘｰﾄﾞ管2.5m),3,10,,,,,,,9360 ,314000 
ｵﾌﾟｼｮﾝ(ﾓｰﾙﾄﾞﾄﾗﾝｽ用),ﾀﾞｲﾔﾙ温度計(警報接点・最高指針付、ﾘｰﾄﾞ管2.5m),3,20,,,,,,,9360 ,314000 
ｵﾌﾟｼｮﾝ(ﾓｰﾙﾄﾞﾄﾗﾝｽ用),ﾀﾞｲﾔﾙ温度計(警報接点・最高指針付、ﾘｰﾄﾞ管2.5m),3,30,,,,,,,9360 ,314000 
ｵﾌﾟｼｮﾝ(ﾓｰﾙﾄﾞﾄﾗﾝｽ用),ﾀﾞｲﾔﾙ温度計(警報接点・最高指針付、ﾘｰﾄﾞ管2.5m),3,50,,,,,,,9360 ,314000 
ｵﾌﾟｼｮﾝ(ﾓｰﾙﾄﾞﾄﾗﾝｽ用),ﾀﾞｲﾔﾙ温度計(警報接点・最高指針付、ﾘｰﾄﾞ管2.5m),3,75,,,,,,,9360 ,314000 
ｵﾌﾟｼｮﾝ(ﾓｰﾙﾄﾞﾄﾗﾝｽ用),ﾀﾞｲﾔﾙ温度計(警報接点・最高指針付、ﾘｰﾄﾞ管2.5m),3,100,,,,,,,9360 ,314000 
ｵﾌﾟｼｮﾝ(ﾓｰﾙﾄﾞﾄﾗﾝｽ用),ﾀﾞｲﾔﾙ温度計(警報接点・最高指針付、ﾘｰﾄﾞ管2.5m),3,150,,,,,,,9360 ,314000 
ｵﾌﾟｼｮﾝ(ﾓｰﾙﾄﾞﾄﾗﾝｽ用),ﾀﾞｲﾔﾙ温度計(警報接点・最高指針付、ﾘｰﾄﾞ管2.5m),3,200,,,,,,,9360 ,314000 
ｵﾌﾟｼｮﾝ(ﾓｰﾙﾄﾞﾄﾗﾝｽ用),ﾀﾞｲﾔﾙ温度計(警報接点・最高指針付、ﾘｰﾄﾞ管2.5m),3,300,,,,,,,9360 ,314000 
ｵﾌﾟｼｮﾝ(ﾓｰﾙﾄﾞﾄﾗﾝｽ用),ﾀﾞｲﾔﾙ温度計(警報接点・最高指針付、ﾘｰﾄﾞ管2.5m),3,500,,,,,,,9360 ,314000 
ｵﾌﾟｼｮﾝ(ﾓｰﾙﾄﾞﾄﾗﾝｽ用),ﾀﾞｲﾔﾙ温度計(警報接点・最高指針付、ﾘｰﾄﾞ管2.5m),3,750,,,,,,,9360 ,314000 
ｵﾌﾟｼｮﾝ(ﾓｰﾙﾄﾞﾄﾗﾝｽ用),ﾀﾞｲﾔﾙ温度計(警報接点・最高指針付、ﾘｰﾄﾞ管2.5m),3,1000,,,,,,,9360 ,314000 
ｵﾌﾟｼｮﾝ(ﾓｰﾙﾄﾞﾄﾗﾝｽ用),ﾀﾞｲﾔﾙ温度計(警報接点・最高指針付、ﾘｰﾄﾞ管2.5m),3,1500,,,,,,,9360 ,314000 
ｵﾌﾟｼｮﾝ(ﾓｰﾙﾄﾞﾄﾗﾝｽ用),ﾀﾞｲﾔﾙ温度計(警報接点・最高指針付、ﾘｰﾄﾞ管2.5m),3,2000,,,,,,,9360 ,314000 
ｵﾌﾟｼｮﾝ(ﾓｰﾙﾄﾞﾄﾗﾝｽ用),ﾀﾞｲﾔﾙ温度計(警報接点・最高指針付、ﾘｰﾄﾞ管5m),1,10,,,,,,,15760 ,528000 
ｵﾌﾟｼｮﾝ(ﾓｰﾙﾄﾞﾄﾗﾝｽ用),ﾀﾞｲﾔﾙ温度計(警報接点・最高指針付、ﾘｰﾄﾞ管5m),1,20,,,,,,,15760 ,528000 
ｵﾌﾟｼｮﾝ(ﾓｰﾙﾄﾞﾄﾗﾝｽ用),ﾀﾞｲﾔﾙ温度計(警報接点・最高指針付、ﾘｰﾄﾞ管5m),1,30,,,,,,,15760 ,528000 
ｵﾌﾟｼｮﾝ(ﾓｰﾙﾄﾞﾄﾗﾝｽ用),ﾀﾞｲﾔﾙ温度計(警報接点・最高指針付、ﾘｰﾄﾞ管5m),1,50,,,,,,,15760 ,528000 
ｵﾌﾟｼｮﾝ(ﾓｰﾙﾄﾞﾄﾗﾝｽ用),ﾀﾞｲﾔﾙ温度計(警報接点・最高指針付、ﾘｰﾄﾞ管5m),1,75,,,,,,,15760 ,528000 
ｵﾌﾟｼｮﾝ(ﾓｰﾙﾄﾞﾄﾗﾝｽ用),ﾀﾞｲﾔﾙ温度計(警報接点・最高指針付、ﾘｰﾄﾞ管5m),1,100,,,,,,,15760 ,528000 
ｵﾌﾟｼｮﾝ(ﾓｰﾙﾄﾞﾄﾗﾝｽ用),ﾀﾞｲﾔﾙ温度計(警報接点・最高指針付、ﾘｰﾄﾞ管5m),1,150,,,,,,,15760 ,528000 
ｵﾌﾟｼｮﾝ(ﾓｰﾙﾄﾞﾄﾗﾝｽ用),ﾀﾞｲﾔﾙ温度計(警報接点・最高指針付、ﾘｰﾄﾞ管5m),1,200,,,,,,,15760 ,528000 
ｵﾌﾟｼｮﾝ(ﾓｰﾙﾄﾞﾄﾗﾝｽ用),ﾀﾞｲﾔﾙ温度計(警報接点・最高指針付、ﾘｰﾄﾞ管5m),1,300,,,,,,,15760 ,528000 
ｵﾌﾟｼｮﾝ(ﾓｰﾙﾄﾞﾄﾗﾝｽ用),ﾀﾞｲﾔﾙ温度計(警報接点・最高指針付、ﾘｰﾄﾞ管5m),1,500,,,,,,,15760 ,528000 
ｵﾌﾟｼｮﾝ(ﾓｰﾙﾄﾞﾄﾗﾝｽ用),ﾀﾞｲﾔﾙ温度計(警報接点・最高指針付、ﾘｰﾄﾞ管5m),1,750,,,,,,,15760 ,528000 
ｵﾌﾟｼｮﾝ(ﾓｰﾙﾄﾞﾄﾗﾝｽ用),ﾀﾞｲﾔﾙ温度計(警報接点・最高指針付、ﾘｰﾄﾞ管5m),1,1000,,,,,,,15760 ,528000 
ｵﾌﾟｼｮﾝ(ﾓｰﾙﾄﾞﾄﾗﾝｽ用),ﾀﾞｲﾔﾙ温度計(警報接点・最高指針付、ﾘｰﾄﾞ管5m),1,1500,,,,,,,15760 ,528000 
ｵﾌﾟｼｮﾝ(ﾓｰﾙﾄﾞﾄﾗﾝｽ用),ﾀﾞｲﾔﾙ温度計(警報接点・最高指針付、ﾘｰﾄﾞ管5m),1,2000,,,,,,,15760 ,528000 
ｵﾌﾟｼｮﾝ(ﾓｰﾙﾄﾞﾄﾗﾝｽ用),ﾀﾞｲﾔﾙ温度計(警報接点・最高指針付、ﾘｰﾄﾞ管5m),3,10,,,,,,,15760 ,528000 
ｵﾌﾟｼｮﾝ(ﾓｰﾙﾄﾞﾄﾗﾝｽ用),ﾀﾞｲﾔﾙ温度計(警報接点・最高指針付、ﾘｰﾄﾞ管5m),3,20,,,,,,,15760 ,528000 
ｵﾌﾟｼｮﾝ(ﾓｰﾙﾄﾞﾄﾗﾝｽ用),ﾀﾞｲﾔﾙ温度計(警報接点・最高指針付、ﾘｰﾄﾞ管5m),3,30,,,,,,,15760 ,528000 
ｵﾌﾟｼｮﾝ(ﾓｰﾙﾄﾞﾄﾗﾝｽ用),ﾀﾞｲﾔﾙ温度計(警報接点・最高指針付、ﾘｰﾄﾞ管5m),3,50,,,,,,,15760 ,528000 
ｵﾌﾟｼｮﾝ(ﾓｰﾙﾄﾞﾄﾗﾝｽ用),ﾀﾞｲﾔﾙ温度計(警報接点・最高指針付、ﾘｰﾄﾞ管5m),3,75,,,,,,,15760 ,528000 
ｵﾌﾟｼｮﾝ(ﾓｰﾙﾄﾞﾄﾗﾝｽ用),ﾀﾞｲﾔﾙ温度計(警報接点・最高指針付、ﾘｰﾄﾞ管5m),3,100,,,,,,,15760 ,528000 
ｵﾌﾟｼｮﾝ(ﾓｰﾙﾄﾞﾄﾗﾝｽ用),ﾀﾞｲﾔﾙ温度計(警報接点・最高指針付、ﾘｰﾄﾞ管5m),3,150,,,,,,,15760 ,528000 
ｵﾌﾟｼｮﾝ(ﾓｰﾙﾄﾞﾄﾗﾝｽ用),ﾀﾞｲﾔﾙ温度計(警報接点・最高指針付、ﾘｰﾄﾞ管5m),3,200,,,,,,,15760 ,528000 
ｵﾌﾟｼｮﾝ(ﾓｰﾙﾄﾞﾄﾗﾝｽ用),ﾀﾞｲﾔﾙ温度計(警報接点・最高指針付、ﾘｰﾄﾞ管5m),3,300,,,,,,,15760 ,528000 
ｵﾌﾟｼｮﾝ(ﾓｰﾙﾄﾞﾄﾗﾝｽ用),ﾀﾞｲﾔﾙ温度計(警報接点・最高指針付、ﾘｰﾄﾞ管5m),3,500,,,,,,,15760 ,528000 
ｵﾌﾟｼｮﾝ(ﾓｰﾙﾄﾞﾄﾗﾝｽ用),ﾀﾞｲﾔﾙ温度計(警報接点・最高指針付、ﾘｰﾄﾞ管5m),3,750,,,,,,,15760 ,528000 
ｵﾌﾟｼｮﾝ(ﾓｰﾙﾄﾞﾄﾗﾝｽ用),ﾀﾞｲﾔﾙ温度計(警報接点・最高指針付、ﾘｰﾄﾞ管5m),3,1000,,,,,,,15760 ,528000 
ｵﾌﾟｼｮﾝ(ﾓｰﾙﾄﾞﾄﾗﾝｽ用),ﾀﾞｲﾔﾙ温度計(警報接点・最高指針付、ﾘｰﾄﾞ管5m),3,1500,,,,,,,15760 ,528000 
ｵﾌﾟｼｮﾝ(ﾓｰﾙﾄﾞﾄﾗﾝｽ用),ﾀﾞｲﾔﾙ温度計(警報接点・最高指針付、ﾘｰﾄﾞ管5m),3,2000,,,,,,,15760 ,528000 
ｵﾌﾟｼｮﾝ(油入変圧器用),"ﾀﾞｲﾔﾙ温度計(盤面取付,警報接点·最高指針付)",1,10,,,,,,,151600 ,508000 
ｵﾌﾟｼｮﾝ(油入変圧器用),"ﾀﾞｲﾔﾙ温度計(盤面取付,警報接点·最高指針付)",1,20,,,,,,,151600 ,508000 
ｵﾌﾟｼｮﾝ(油入変圧器用),"ﾀﾞｲﾔﾙ温度計(盤面取付,警報接点·最高指針付)",1,30,,,,,,,151600 ,508000 
ｵﾌﾟｼｮﾝ(油入変圧器用),"ﾀﾞｲﾔﾙ温度計(盤面取付,警報接点·最高指針付)",1,50,,,,,,,151600 ,508000 
ｵﾌﾟｼｮﾝ(油入変圧器用),"ﾀﾞｲﾔﾙ温度計(盤面取付,警報接点·最高指針付)",1,75,,,,,,,118800 ,398000 
ｵﾌﾟｼｮﾝ(油入変圧器用),"ﾀﾞｲﾔﾙ温度計(盤面取付,警報接点·最高指針付)",1,100,,,,,,,118800 ,398000 
ｵﾌﾟｼｮﾝ(油入変圧器用),"ﾀﾞｲﾔﾙ温度計(盤面取付,警報接点·最高指針付)",1,150,,,,,,,118800 ,398000 
ｵﾌﾟｼｮﾝ(油入変圧器用),"ﾀﾞｲﾔﾙ温度計(盤面取付,警報接点·最高指針付)",1,200,,,,,,,118800 ,398000 
ｵﾌﾟｼｮﾝ(油入変圧器用),"ﾀﾞｲﾔﾙ温度計(盤面取付,警報接点·最高指針付)",1,300,,,,,,,118800 ,398000 
ｵﾌﾟｼｮﾝ(油入変圧器用),"ﾀﾞｲﾔﾙ温度計(盤面取付,警報接点·最高指針付)",1,500,,,,,,,118800 ,398000 
ｵﾌﾟｼｮﾝ(油入変圧器用),"ﾀﾞｲﾔﾙ温度計(盤面取付,警報接点·最高指針付)",1,750,,,,,,,118800 ,398000 
ｵﾌﾟｼｮﾝ(油入変圧器用),"ﾀﾞｲﾔﾙ温度計(盤面取付,警報接点·最高指針付)",1,1000,,,,,,,118800 ,398000 
ｵﾌﾟｼｮﾝ(油入変圧器用),"ﾀﾞｲﾔﾙ温度計(盤面取付,警報接点·最高指針付)",1,1500,,,,,,,118800 ,398000 
ｵﾌﾟｼｮﾝ(油入変圧器用),"ﾀﾞｲﾔﾙ温度計(盤面取付,警報接点·最高指針付)",1,2000,,,,,,,118800 ,398000 
ｵﾌﾟｼｮﾝ(油入変圧器用),"ﾀﾞｲﾔﾙ温度計(盤面取付,警報接点·最高指針付)",3,10,,,,,,,151600 ,508000 
ｵﾌﾟｼｮﾝ(油入変圧器用),"ﾀﾞｲﾔﾙ温度計(盤面取付,警報接点·最高指針付)",3,20,,,,,,,151600 ,508000 
ｵﾌﾟｼｮﾝ(油入変圧器用),"ﾀﾞｲﾔﾙ温度計(盤面取付,警報接点·最高指針付)",3,30,,,,,,,151600 ,508000 
ｵﾌﾟｼｮﾝ(油入変圧器用),"ﾀﾞｲﾔﾙ温度計(盤面取付,警報接点·最高指針付)",3,50,,,,,,,151600 ,508000 
ｵﾌﾟｼｮﾝ(油入変圧器用),"ﾀﾞｲﾔﾙ温度計(盤面取付,警報接点·最高指針付)",3,75,,,,,,,118800 ,398000 
ｵﾌﾟｼｮﾝ(油入変圧器用),"ﾀﾞｲﾔﾙ温度計(盤面取付,警報接点·最高指針付)",3,100,,,,,,,118800 ,398000 
ｵﾌﾟｼｮﾝ(油入変圧器用),"ﾀﾞｲﾔﾙ温度計(盤面取付,警報接点·最高指針付)",3,150,,,,,,,118800 ,398000 
ｵﾌﾟｼｮﾝ(油入変圧器用),"ﾀﾞｲﾔﾙ温度計(盤面取付,警報接点·最高指針付)",3,200,,,,,,,118800 ,398000 
ｵﾌﾟｼｮﾝ(油入変圧器用),"ﾀﾞｲﾔﾙ温度計(盤面取付,警報接点·最高指針付)",3,300,,,,,,,118800 ,398000 
ｵﾌﾟｼｮﾝ(油入変圧器用),"ﾀﾞｲﾔﾙ温度計(盤面取付,警報接点·最高指針付)",3,500,,,,,,,118800 ,398000 
ｵﾌﾟｼｮﾝ(油入変圧器用),"ﾀﾞｲﾔﾙ温度計(盤面取付,警報接点·最高指針付)",3,750,,,,,,,118800 ,398000 
ｵﾌﾟｼｮﾝ(油入変圧器用),"ﾀﾞｲﾔﾙ温度計(盤面取付,警報接点·最高指針付)",3,1000,,,,,,,118800 ,398000 
ｵﾌﾟｼｮﾝ(油入変圧器用),"ﾀﾞｲﾔﾙ温度計(盤面取付,警報接点·最高指針付)",3,1500,,,,,,,118800 ,398000 
ｵﾌﾟｼｮﾝ(油入変圧器用),"ﾀﾞｲﾔﾙ温度計(盤面取付,警報接点·最高指針付)",3,2000,,,,,,,118800 ,398000 
ｵﾌﾟｼｮﾝ(油入変圧器用),"ﾀﾞｲﾔﾙ温度計(本体取付,警報接点·最高指針付)",1,10,,,,,,,129600 ,435000 
ｵﾌﾟｼｮﾝ(油入変圧器用),"ﾀﾞｲﾔﾙ温度計(本体取付,警報接点·最高指針付)",1,20,,,,,,,129600 ,435000 
ｵﾌﾟｼｮﾝ(油入変圧器用),"ﾀﾞｲﾔﾙ温度計(本体取付,警報接点·最高指針付)",1,30,,,,,,,129600 ,435000 
ｵﾌﾟｼｮﾝ(油入変圧器用),"ﾀﾞｲﾔﾙ温度計(本体取付,警報接点·最高指針付)",1,50,,,,,,,129600 ,435000 
ｵﾌﾟｼｮﾝ(油入変圧器用),"ﾀﾞｲﾔﾙ温度計(本体取付,警報接点·最高指針付)",1,75,,,,,,,96800 ,325000 
ｵﾌﾟｼｮﾝ(油入変圧器用),"ﾀﾞｲﾔﾙ温度計(本体取付,警報接点·最高指針付)",1,100,,,,,,,96800 ,325000 
ｵﾌﾟｼｮﾝ(油入変圧器用),"ﾀﾞｲﾔﾙ温度計(本体取付,警報接点·最高指針付)",1,150,,,,,,,96800 ,325000 
ｵﾌﾟｼｮﾝ(油入変圧器用),"ﾀﾞｲﾔﾙ温度計(本体取付,警報接点·最高指針付)",1,200,,,,,,,96800 ,325000 
ｵﾌﾟｼｮﾝ(油入変圧器用),"ﾀﾞｲﾔﾙ温度計(本体取付,警報接点·最高指針付)",1,300,,,,,,,96800 ,325000 
ｵﾌﾟｼｮﾝ(油入変圧器用),"ﾀﾞｲﾔﾙ温度計(本体取付,警報接点·最高指針付)",1,500,,,,,,,96800 ,325000 
ｵﾌﾟｼｮﾝ(油入変圧器用),"ﾀﾞｲﾔﾙ温度計(本体取付,警報接点·最高指針付)",1,750,,,,,,,96800 ,325000 
ｵﾌﾟｼｮﾝ(油入変圧器用),"ﾀﾞｲﾔﾙ温度計(本体取付,警報接点·最高指針付)",1,1000,,,,,,,96800 ,325000 
ｵﾌﾟｼｮﾝ(油入変圧器用),"ﾀﾞｲﾔﾙ温度計(本体取付,警報接点·最高指針付)",1,1500,,,,,,,標準装備,標準装備
ｵﾌﾟｼｮﾝ(油入変圧器用),"ﾀﾞｲﾔﾙ温度計(本体取付,警報接点·最高指針付)",1,2000,,,,,,,標準装備,標準装備
ｵﾌﾟｼｮﾝ(油入変圧器用),"ﾀﾞｲﾔﾙ温度計(本体取付,警報接点·最高指針付)",3,10,,,,,,,129600 ,435000 
ｵﾌﾟｼｮﾝ(油入変圧器用),"ﾀﾞｲﾔﾙ温度計(本体取付,警報接点·最高指針付)",3,20,,,,,,,129600 ,435000 
ｵﾌﾟｼｮﾝ(油入変圧器用),"ﾀﾞｲﾔﾙ温度計(本体取付,警報接点·最高指針付)",3,30,,,,,,,129600 ,435000 
ｵﾌﾟｼｮﾝ(油入変圧器用),"ﾀﾞｲﾔﾙ温度計(本体取付,警報接点·最高指針付)",3,50,,,,,,,129600 ,435000 
ｵﾌﾟｼｮﾝ(油入変圧器用),"ﾀﾞｲﾔﾙ温度計(本体取付,警報接点·最高指針付)",3,75,,,,,,,96800 ,325000 
ｵﾌﾟｼｮﾝ(油入変圧器用),"ﾀﾞｲﾔﾙ温度計(本体取付,警報接点·最高指針付)",3,100,,,,,,,96800 ,325000 
ｵﾌﾟｼｮﾝ(油入変圧器用),"ﾀﾞｲﾔﾙ温度計(本体取付,警報接点·最高指針付)",3,150,,,,,,,96800 ,325000 
ｵﾌﾟｼｮﾝ(油入変圧器用),"ﾀﾞｲﾔﾙ温度計(本体取付,警報接点·最高指針付)",3,200,,,,,,,96800 ,325000 
ｵﾌﾟｼｮﾝ(油入変圧器用),"ﾀﾞｲﾔﾙ温度計(本体取付,警報接点·最高指針付)",3,300,,,,,,,96800 ,325000 
ｵﾌﾟｼｮﾝ(油入変圧器用),"ﾀﾞｲﾔﾙ温度計(本体取付,警報接点·最高指針付)",3,500,,,,,,,96800 ,325000 
ｵﾌﾟｼｮﾝ(油入変圧器用),"ﾀﾞｲﾔﾙ温度計(本体取付,警報接点·最高指針付)",3,750,,,,,,,96800 ,325000 
ｵﾌﾟｼｮﾝ(油入変圧器用),"ﾀﾞｲﾔﾙ温度計(本体取付,警報接点·最高指針付)",3,1000,,,,,,,96800 ,325000 
ｵﾌﾟｼｮﾝ(油入変圧器用),"ﾀﾞｲﾔﾙ温度計(本体取付,警報接点·最高指針付)",3,1500,,,,,,,標準装備,標準装備
ｵﾌﾟｼｮﾝ(油入変圧器用),"ﾀﾞｲﾔﾙ温度計(本体取付,警報接点·最高指針付)",3,2000,,,,,,,標準装備,標準装備
ｵﾌﾟｼｮﾝ(油入変圧器用),ﾊﾞｽﾀﾞｸﾄﾌﾗﾝｼﾞ座(F),1,10,,,,,,,見積品,見積品
ｵﾌﾟｼｮﾝ(油入変圧器用),ﾊﾞｽﾀﾞｸﾄﾌﾗﾝｼﾞ座(F),1,20,,,,,,,見積品,見積品
ｵﾌﾟｼｮﾝ(油入変圧器用),ﾊﾞｽﾀﾞｸﾄﾌﾗﾝｼﾞ座(F),1,30,,,,,,,見積品,見積品
ｵﾌﾟｼｮﾝ(油入変圧器用),ﾊﾞｽﾀﾞｸﾄﾌﾗﾝｼﾞ座(F),1,50,,,,,,,見積品,見積品
ｵﾌﾟｼｮﾝ(油入変圧器用),ﾊﾞｽﾀﾞｸﾄﾌﾗﾝｼﾞ座(F),1,75,,,,,,,10880 ,365000 
ｵﾌﾟｼｮﾝ(油入変圧器用),ﾊﾞｽﾀﾞｸﾄﾌﾗﾝｼﾞ座(F),1,100,,,,,,,10880 ,365000 
ｵﾌﾟｼｮﾝ(油入変圧器用),ﾊﾞｽﾀﾞｸﾄﾌﾗﾝｼﾞ座(F),1,150,,,,,,,10880 ,365000 
ｵﾌﾟｼｮﾝ(油入変圧器用),ﾊﾞｽﾀﾞｸﾄﾌﾗﾝｼﾞ座(F),1,200,,,,,,,10880 ,365000 
ｵﾌﾟｼｮﾝ(油入変圧器用),ﾊﾞｽﾀﾞｸﾄﾌﾗﾝｼﾞ座(F),1,300,,,,,,,10880 ,365000 
ｵﾌﾟｼｮﾝ(油入変圧器用),ﾊﾞｽﾀﾞｸﾄﾌﾗﾝｼﾞ座(F),1,500,,,,,,,10880 ,365000 
ｵﾌﾟｼｮﾝ(油入変圧器用),ﾊﾞｽﾀﾞｸﾄﾌﾗﾝｼﾞ座(F),1,750,,,,,,,10880 ,365000 
ｵﾌﾟｼｮﾝ(油入変圧器用),ﾊﾞｽﾀﾞｸﾄﾌﾗﾝｼﾞ座(F),1,1000,,,,,,,10880 ,365000 
ｵﾌﾟｼｮﾝ(油入変圧器用),ﾊﾞｽﾀﾞｸﾄﾌﾗﾝｼﾞ座(F),1,1500,,,,,,,10880 ,365000 
ｵﾌﾟｼｮﾝ(油入変圧器用),ﾊﾞｽﾀﾞｸﾄﾌﾗﾝｼﾞ座(F),1,2000,,,,,,,10880 ,365000 
ｵﾌﾟｼｮﾝ(油入変圧器用),ﾊﾞｽﾀﾞｸﾄﾌﾗﾝｼﾞ座(F),3,10,,,,,,,見積品,見積品
ｵﾌﾟｼｮﾝ(油入変圧器用),ﾊﾞｽﾀﾞｸﾄﾌﾗﾝｼﾞ座(F),3,20,,,,,,,見積品,見積品
ｵﾌﾟｼｮﾝ(油入変圧器用),ﾊﾞｽﾀﾞｸﾄﾌﾗﾝｼﾞ座(F),3,30,,,,,,,見積品,見積品
ｵﾌﾟｼｮﾝ(油入変圧器用),ﾊﾞｽﾀﾞｸﾄﾌﾗﾝｼﾞ座(F),3,50,,,,,,,見積品,見積品
ｵﾌﾟｼｮﾝ(油入変圧器用),ﾊﾞｽﾀﾞｸﾄﾌﾗﾝｼﾞ座(F),3,75,,,,,,,10880 ,365000 
ｵﾌﾟｼｮﾝ(油入変圧器用),ﾊﾞｽﾀﾞｸﾄﾌﾗﾝｼﾞ座(F),3,100,,,,,,,10880 ,365000 
ｵﾌﾟｼｮﾝ(油入変圧器用),ﾊﾞｽﾀﾞｸﾄﾌﾗﾝｼﾞ座(F),3,150,,,,,,,10880 ,365000 
ｵﾌﾟｼｮﾝ(油入変圧器用),ﾊﾞｽﾀﾞｸﾄﾌﾗﾝｼﾞ座(F),3,200,,,,,,,10880 ,365000 
ｵﾌﾟｼｮﾝ(油入変圧器用),ﾊﾞｽﾀﾞｸﾄﾌﾗﾝｼﾞ座(F),3,300,,,,,,,10880 ,365000 
ｵﾌﾟｼｮﾝ(油入変圧器用),ﾊﾞｽﾀﾞｸﾄﾌﾗﾝｼﾞ座(F),3,500,,,,,,,10880 ,365000 
ｵﾌﾟｼｮﾝ(油入変圧器用),ﾊﾞｽﾀﾞｸﾄﾌﾗﾝｼﾞ座(F),3,750,,,,,,,10880 ,365000 
ｵﾌﾟｼｮﾝ(油入変圧器用),ﾊﾞｽﾀﾞｸﾄﾌﾗﾝｼﾞ座(F),3,1000,,,,,,,10880 ,365000 
ｵﾌﾟｼｮﾝ(油入変圧器用),ﾊﾞｽﾀﾞｸﾄﾌﾗﾝｼﾞ座(F),3,1500,,,,,,,10880 ,365000 
ｵﾌﾟｼｮﾝ(油入変圧器用),ﾊﾞｽﾀﾞｸﾄﾌﾗﾝｼﾞ座(F),3,2000,,,,,,,10880 ,365000 
ｵﾌﾟｼｮﾝ(油入変圧器用),ﾊﾞｽﾀﾞｸﾄﾌﾗﾝｼﾞ座(F)(二次側のみ),1,10,,,,,,,見積品,見積品
ｵﾌﾟｼｮﾝ(油入変圧器用),ﾊﾞｽﾀﾞｸﾄﾌﾗﾝｼﾞ座(F)(二次側のみ),1,20,,,,,,,見積品,見積品
ｵﾌﾟｼｮﾝ(油入変圧器用),ﾊﾞｽﾀﾞｸﾄﾌﾗﾝｼﾞ座(F)(二次側のみ),1,30,,,,,,,見積品,見積品
ｵﾌﾟｼｮﾝ(油入変圧器用),ﾊﾞｽﾀﾞｸﾄﾌﾗﾝｼﾞ座(F)(二次側のみ),1,50,,,,,,,見積品,見積品
ｵﾌﾟｼｮﾝ(油入変圧器用),ﾊﾞｽﾀﾞｸﾄﾌﾗﾝｼﾞ座(F)(二次側のみ),1,75,,,,,,,10880 ,365000 
ｵﾌﾟｼｮﾝ(油入変圧器用),ﾊﾞｽﾀﾞｸﾄﾌﾗﾝｼﾞ座(F)(二次側のみ),1,100,,,,,,,10880 ,365000 
ｵﾌﾟｼｮﾝ(油入変圧器用),ﾊﾞｽﾀﾞｸﾄﾌﾗﾝｼﾞ座(F)(二次側のみ),1,150,,,,,,,10880 ,365000 
ｵﾌﾟｼｮﾝ(油入変圧器用),ﾊﾞｽﾀﾞｸﾄﾌﾗﾝｼﾞ座(F)(二次側のみ),1,200,,,,,,,10880 ,365000 
ｵﾌﾟｼｮﾝ(油入変圧器用),ﾊﾞｽﾀﾞｸﾄﾌﾗﾝｼﾞ座(F)(二次側のみ),1,300,,,,,,,10880 ,365000 
ｵﾌﾟｼｮﾝ(油入変圧器用),ﾊﾞｽﾀﾞｸﾄﾌﾗﾝｼﾞ座(F)(二次側のみ),1,500,,,,,,,10880 ,365000 
ｵﾌﾟｼｮﾝ(油入変圧器用),ﾊﾞｽﾀﾞｸﾄﾌﾗﾝｼﾞ座(F)(二次側のみ),1,750,,,,,,,10880 ,365000 
ｵﾌﾟｼｮﾝ(油入変圧器用),ﾊﾞｽﾀﾞｸﾄﾌﾗﾝｼﾞ座(F)(二次側のみ),1,1000,,,,,,,10880 ,365000 
ｵﾌﾟｼｮﾝ(油入変圧器用),ﾊﾞｽﾀﾞｸﾄﾌﾗﾝｼﾞ座(F)(二次側のみ),1,1500,,,,,,,10880 ,365000 
ｵﾌﾟｼｮﾝ(油入変圧器用),ﾊﾞｽﾀﾞｸﾄﾌﾗﾝｼﾞ座(F)(二次側のみ),1,2000,,,,,,,10880 ,365000 
ｵﾌﾟｼｮﾝ(油入変圧器用),ﾊﾞｽﾀﾞｸﾄﾌﾗﾝｼﾞ座(F)(二次側のみ),3,10,,,,,,,見積品,見積品
ｵﾌﾟｼｮﾝ(油入変圧器用),ﾊﾞｽﾀﾞｸﾄﾌﾗﾝｼﾞ座(F)(二次側のみ),3,20,,,,,,,見積品,見積品
ｵﾌﾟｼｮﾝ(油入変圧器用),ﾊﾞｽﾀﾞｸﾄﾌﾗﾝｼﾞ座(F)(二次側のみ),3,30,,,,,,,見積品,見積品
ｵﾌﾟｼｮﾝ(油入変圧器用),ﾊﾞｽﾀﾞｸﾄﾌﾗﾝｼﾞ座(F)(二次側のみ),3,50,,,,,,,見積品,見積品
ｵﾌﾟｼｮﾝ(油入変圧器用),ﾊﾞｽﾀﾞｸﾄﾌﾗﾝｼﾞ座(F)(二次側のみ),3,75,,,,,,,10880 ,365000 
ｵﾌﾟｼｮﾝ(油入変圧器用),ﾊﾞｽﾀﾞｸﾄﾌﾗﾝｼﾞ座(F)(二次側のみ),3,100,,,,,,,10880 ,365000 
ｵﾌﾟｼｮﾝ(油入変圧器用),ﾊﾞｽﾀﾞｸﾄﾌﾗﾝｼﾞ座(F)(二次側のみ),3,150,,,,,,,10880 ,365000 
ｵﾌﾟｼｮﾝ(油入変圧器用),ﾊﾞｽﾀﾞｸﾄﾌﾗﾝｼﾞ座(F)(二次側のみ),3,200,,,,,,,10880 ,365000 
ｵﾌﾟｼｮﾝ(油入変圧器用),ﾊﾞｽﾀﾞｸﾄﾌﾗﾝｼﾞ座(F)(二次側のみ),3,300,,,,,,,10880 ,365000 
ｵﾌﾟｼｮﾝ(油入変圧器用),ﾊﾞｽﾀﾞｸﾄﾌﾗﾝｼﾞ座(F)(二次側のみ),3,500,,,,,,,10880 ,365000 
ｵﾌﾟｼｮﾝ(油入変圧器用),ﾊﾞｽﾀﾞｸﾄﾌﾗﾝｼﾞ座(F)(二次側のみ),3,750,,,,,,,10880 ,365000 
ｵﾌﾟｼｮﾝ(油入変圧器用),ﾊﾞｽﾀﾞｸﾄﾌﾗﾝｼﾞ座(F)(二次側のみ),3,1000,,,,,,,10880 ,365000 
ｵﾌﾟｼｮﾝ(油入変圧器用),ﾊﾞｽﾀﾞｸﾄﾌﾗﾝｼﾞ座(F)(二次側のみ),3,1500,,,,,,,10880 ,365000 
ｵﾌﾟｼｮﾝ(油入変圧器用),ﾊﾞｽﾀﾞｸﾄﾌﾗﾝｼﾞ座(F)(二次側のみ),3,2000,,,,,,,10880 ,365000 
ｵﾌﾟｼｮﾝ(油入変圧器用),監視装置,1,10,,,,,,,12960 ,435000 
ｵﾌﾟｼｮﾝ(油入変圧器用),監視装置,1,20,,,,,,,12960 ,435000 
ｵﾌﾟｼｮﾝ(油入変圧器用),監視装置,1,30,,,,,,,12960 ,435000 
ｵﾌﾟｼｮﾝ(油入変圧器用),監視装置,1,50,,,,,,,12960 ,435000 
ｵﾌﾟｼｮﾝ(油入変圧器用),監視装置,1,75,,,,,,,標準装備,標準装備
ｵﾌﾟｼｮﾝ(油入変圧器用),監視装置,1,100,,,,,,,標準装備,標準装備
ｵﾌﾟｼｮﾝ(油入変圧器用),監視装置,1,150,,,,,,,標準装備,標準装備
ｵﾌﾟｼｮﾝ(油入変圧器用),監視装置,1,200,,,,,,,標準装備,標準装備
ｵﾌﾟｼｮﾝ(油入変圧器用),監視装置,1,300,,,,,,,標準装備,標準装備
ｵﾌﾟｼｮﾝ(油入変圧器用),監視装置,1,500,,,,,,,標準装備,標準装備
ｵﾌﾟｼｮﾝ(油入変圧器用),監視装置,1,750,,,,,,,標準装備,標準装備
ｵﾌﾟｼｮﾝ(油入変圧器用),監視装置,1,1000,,,,,,,標準装備,標準装備
ｵﾌﾟｼｮﾝ(油入変圧器用),監視装置,1,1500,,,,,,,対象外,対象外
ｵﾌﾟｼｮﾝ(油入変圧器用),監視装置,1,2000,,,,,,,対象外,対象外
ｵﾌﾟｼｮﾝ(油入変圧器用),監視装置,3,10,,,,,,,12960 ,435000 
ｵﾌﾟｼｮﾝ(油入変圧器用),監視装置,3,20,,,,,,,12960 ,435000 
ｵﾌﾟｼｮﾝ(油入変圧器用),監視装置,3,30,,,,,,,12960 ,435000 
ｵﾌﾟｼｮﾝ(油入変圧器用),監視装置,3,50,,,,,,,12960 ,435000 
ｵﾌﾟｼｮﾝ(油入変圧器用),監視装置,3,75,,,,,,,標準装備,標準装備
ｵﾌﾟｼｮﾝ(油入変圧器用),監視装置,3,100,,,,,,,標準装備,標準装備
ｵﾌﾟｼｮﾝ(油入変圧器用),監視装置,3,150,,,,,,,標準装備,標準装備
ｵﾌﾟｼｮﾝ(油入変圧器用),監視装置,3,200,,,,,,,標準装備,標準装備
ｵﾌﾟｼｮﾝ(油入変圧器用),監視装置,3,300,,,,,,,標準装備,標準装備
ｵﾌﾟｼｮﾝ(油入変圧器用),監視装置,3,500,,,,,,,標準装備,標準装備
ｵﾌﾟｼｮﾝ(油入変圧器用),監視装置,3,750,,,,,,,標準装備,標準装備
ｵﾌﾟｼｮﾝ(油入変圧器用),監視装置,3,1000,,,,,,,標準装備,標準装備
ｵﾌﾟｼｮﾝ(油入変圧器用),監視装置,3,1500,,,,,,,対象外,対象外
ｵﾌﾟｼｮﾝ(油入変圧器用),監視装置,3,2000,,,,,,,対象外,対象外
ｵﾌﾟｼｮﾝ(油入変圧器用),基礎ﾎﾞﾙﾄ,1,10,,,,,,,4320 ,145000 
ｵﾌﾟｼｮﾝ(油入変圧器用),基礎ﾎﾞﾙﾄ,1,20,,,,,,,4320 ,145000 
ｵﾌﾟｼｮﾝ(油入変圧器用),基礎ﾎﾞﾙﾄ,1,30,,,,,,,4320 ,145000 
ｵﾌﾟｼｮﾝ(油入変圧器用),基礎ﾎﾞﾙﾄ,1,50,,,,,,,4320 ,145000 
ｵﾌﾟｼｮﾝ(油入変圧器用),基礎ﾎﾞﾙﾄ,1,75,,,,,,,4320 ,145000 
ｵﾌﾟｼｮﾝ(油入変圧器用),基礎ﾎﾞﾙﾄ,1,100,,,,,,,4320 ,145000 
ｵﾌﾟｼｮﾝ(油入変圧器用),基礎ﾎﾞﾙﾄ,1,150,,,,,,,4320 ,145000 
ｵﾌﾟｼｮﾝ(油入変圧器用),基礎ﾎﾞﾙﾄ,1,200,,,,,,,4320 ,145000 
ｵﾌﾟｼｮﾝ(油入変圧器用),基礎ﾎﾞﾙﾄ,1,300,,,,,,,4320 ,145000 
ｵﾌﾟｼｮﾝ(油入変圧器用),基礎ﾎﾞﾙﾄ,1,500,,,,,,,4320 ,145000 
ｵﾌﾟｼｮﾝ(油入変圧器用),基礎ﾎﾞﾙﾄ,1,750,,,,,,,4320 ,145000 
ｵﾌﾟｼｮﾝ(油入変圧器用),基礎ﾎﾞﾙﾄ,1,1000,,,,,,,4320 ,145000 
ｵﾌﾟｼｮﾝ(油入変圧器用),基礎ﾎﾞﾙﾄ,1,1500,,,,,,,6520 ,219000 
ｵﾌﾟｼｮﾝ(油入変圧器用),基礎ﾎﾞﾙﾄ,1,2000,,,,,,,6520 ,219000 
ｵﾌﾟｼｮﾝ(油入変圧器用),基礎ﾎﾞﾙﾄ,3,10,,,,,,,4320 ,145000 
ｵﾌﾟｼｮﾝ(油入変圧器用),基礎ﾎﾞﾙﾄ,3,20,,,,,,,4320 ,145000 
ｵﾌﾟｼｮﾝ(油入変圧器用),基礎ﾎﾞﾙﾄ,3,30,,,,,,,4320 ,145000 
ｵﾌﾟｼｮﾝ(油入変圧器用),基礎ﾎﾞﾙﾄ,3,50,,,,,,,4320 ,145000 
ｵﾌﾟｼｮﾝ(油入変圧器用),基礎ﾎﾞﾙﾄ,3,75,,,,,,,4320 ,145000 
ｵﾌﾟｼｮﾝ(油入変圧器用),基礎ﾎﾞﾙﾄ,3,100,,,,,,,4320 ,145000 
ｵﾌﾟｼｮﾝ(油入変圧器用),基礎ﾎﾞﾙﾄ,3,150,,,,,,,4320 ,145000 
ｵﾌﾟｼｮﾝ(油入変圧器用),基礎ﾎﾞﾙﾄ,3,200,,,,,,,4320 ,145000 
ｵﾌﾟｼｮﾝ(油入変圧器用),基礎ﾎﾞﾙﾄ,3,300,,,,,,,4320 ,145000 
ｵﾌﾟｼｮﾝ(油入変圧器用),基礎ﾎﾞﾙﾄ,3,500,,,,,,,4320 ,145000 
ｵﾌﾟｼｮﾝ(油入変圧器用),基礎ﾎﾞﾙﾄ,3,750,,,,,,,4320 ,145000 
ｵﾌﾟｼｮﾝ(油入変圧器用),基礎ﾎﾞﾙﾄ,3,1000,,,,,,,4320 ,145000 
ｵﾌﾟｼｮﾝ(油入変圧器用),基礎ﾎﾞﾙﾄ,3,1500,,,,,,,6520 ,219000 
ｵﾌﾟｼｮﾝ(油入変圧器用),基礎ﾎﾞﾙﾄ,3,2000,,,,,,,6520 ,219000 
ｵﾌﾟｼｮﾝ(油入変圧器用),重耐塩塗装,1,10,,,,,,,12960 ,435000 
ｵﾌﾟｼｮﾝ(油入変圧器用),重耐塩塗装,1,20,,,,,,,12960 ,435000 
ｵﾌﾟｼｮﾝ(油入変圧器用),重耐塩塗装,1,30,,,,,,,12960 ,435000 
ｵﾌﾟｼｮﾝ(油入変圧器用),重耐塩塗装,1,50,,,,,,,12960 ,435000 
ｵﾌﾟｼｮﾝ(油入変圧器用),重耐塩塗装,1,75,,,,,,,20720 ,695000 
ｵﾌﾟｼｮﾝ(油入変圧器用),重耐塩塗装,1,100,,,,,,,20720 ,695000 
ｵﾌﾟｼｮﾝ(油入変圧器用),重耐塩塗装,1,150,,,,,,,20720 ,695000 
ｵﾌﾟｼｮﾝ(油入変圧器用),重耐塩塗装,1,200,,,,,,,20720 ,695000 
ｵﾌﾟｼｮﾝ(油入変圧器用),重耐塩塗装,1,300,,,,,,,24160 ,810000 
ｵﾌﾟｼｮﾝ(油入変圧器用),重耐塩塗装,1,500,,,,,,,24160 ,810000 
ｵﾌﾟｼｮﾝ(油入変圧器用),重耐塩塗装,1,750,,,,,,,25880 ,867000 
ｵﾌﾟｼｮﾝ(油入変圧器用),重耐塩塗装,1,1000,,,,,,,25880 ,867000 
ｵﾌﾟｼｮﾝ(油入変圧器用),重耐塩塗装,1,1500,,,,,,,31080 ,1042000 
ｵﾌﾟｼｮﾝ(油入変圧器用),重耐塩塗装,1,2000,,,,,,,38800 ,1300000 
ｵﾌﾟｼｮﾝ(油入変圧器用),重耐塩塗装,3,10,,,,,,,12960 ,435000 
ｵﾌﾟｼｮﾝ(油入変圧器用),重耐塩塗装,3,20,,,,,,,12960 ,435000 
ｵﾌﾟｼｮﾝ(油入変圧器用),重耐塩塗装,3,30,,,,,,,12960 ,435000 
ｵﾌﾟｼｮﾝ(油入変圧器用),重耐塩塗装,3,50,,,,,,,12960 ,435000 
ｵﾌﾟｼｮﾝ(油入変圧器用),重耐塩塗装,3,75,,,,,,,20720 ,695000 
ｵﾌﾟｼｮﾝ(油入変圧器用),重耐塩塗装,3,100,,,,,,,20720 ,695000 
ｵﾌﾟｼｮﾝ(油入変圧器用),重耐塩塗装,3,150,,,,,,,20720 ,695000 
ｵﾌﾟｼｮﾝ(油入変圧器用),重耐塩塗装,3,200,,,,,,,20720 ,695000 
ｵﾌﾟｼｮﾝ(油入変圧器用),重耐塩塗装,3,300,,,,,,,24160 ,810000 
ｵﾌﾟｼｮﾝ(油入変圧器用),重耐塩塗装,3,500,,,,,,,24160 ,810000 
ｵﾌﾟｼｮﾝ(油入変圧器用),重耐塩塗装,3,750,,,,,,,25880 ,867000 
ｵﾌﾟｼｮﾝ(油入変圧器用),重耐塩塗装,3,1000,,,,,,,25880 ,867000 
ｵﾌﾟｼｮﾝ(油入変圧器用),重耐塩塗装,3,1500,,,,,,,31080 ,1042000 
ｵﾌﾟｼｮﾝ(油入変圧器用),重耐塩塗装,3,2000,,,,,,,38800 ,1300000 
ｵﾌﾟｼｮﾝ(油入変圧器用),相対変位抑制,1,10,,,,,,,対象外,対象外
ｵﾌﾟｼｮﾝ(油入変圧器用),相対変位抑制,1,20,,,,,,,対象外,対象外
ｵﾌﾟｼｮﾝ(油入変圧器用),相対変位抑制,1,30,,,,,,,対象外,対象外
ｵﾌﾟｼｮﾝ(油入変圧器用),相対変位抑制,1,50,,,,,,,対象外,対象外
ｵﾌﾟｼｮﾝ(油入変圧器用),相対変位抑制,1,75,,,,,,,50000 ,168000 
ｵﾌﾟｼｮﾝ(油入変圧器用),相対変位抑制,1,100,,,,,,,50000 ,168000 
ｵﾌﾟｼｮﾝ(油入変圧器用),相対変位抑制,1,150,,,,,,,5000 ,168000 
ｵﾌﾟｼｮﾝ(油入変圧器用),相対変位抑制,1,200,,,,,,,5000 ,168000 
ｵﾌﾟｼｮﾝ(油入変圧器用),相対変位抑制,1,300,,,,,,,5000 ,168000 
ｵﾌﾟｼｮﾝ(油入変圧器用),相対変位抑制,1,500,,,,,,,5000 ,168000 
ｵﾌﾟｼｮﾝ(油入変圧器用),相対変位抑制,1,750,,,,,,,8680 ,291000 
ｵﾌﾟｼｮﾝ(油入変圧器用),相対変位抑制,1,1000,,,,,,,8680 ,291000 
ｵﾌﾟｼｮﾝ(油入変圧器用),相対変位抑制,1,1500,,,,,,,17280 ,579000 
ｵﾌﾟｼｮﾝ(油入変圧器用),相対変位抑制,1,2000,,,,,,,17280 ,579000 
ｵﾌﾟｼｮﾝ(ﾓｰﾙﾄﾞﾄﾗﾝｽ用),相対変位抑制,1,10,,,,,,,22000 ,74000 
ｵﾌﾟｼｮﾝ(ﾓｰﾙﾄﾞﾄﾗﾝｽ用),相対変位抑制,1,20,,,,,,,22000 ,74000 
ｵﾌﾟｼｮﾝ(ﾓｰﾙﾄﾞﾄﾗﾝｽ用),相対変位抑制,1,30,,,,,,,22000 ,74000 
ｵﾌﾟｼｮﾝ(ﾓｰﾙﾄﾞﾄﾗﾝｽ用),相対変位抑制,1,50,,,,,,,22000 ,74000 
ｵﾌﾟｼｮﾝ(ﾓｰﾙﾄﾞﾄﾗﾝｽ用),相対変位抑制,1,75,,,,,,,36800 ,124000 
ｵﾌﾟｼｮﾝ(ﾓｰﾙﾄﾞﾄﾗﾝｽ用),相対変位抑制,1,100,,,,,,,36800 ,124000 
ｵﾌﾟｼｮﾝ(ﾓｰﾙﾄﾞﾄﾗﾝｽ用),相対変位抑制,1,150,,,,,,,36800 ,124000 
ｵﾌﾟｼｮﾝ(ﾓｰﾙﾄﾞﾄﾗﾝｽ用),相対変位抑制,1,200,,,,,,,36800 ,124000 
ｵﾌﾟｼｮﾝ(ﾓｰﾙﾄﾞﾄﾗﾝｽ用),相対変位抑制,1,300,,,,,,,36800 ,124000 
ｵﾌﾟｼｮﾝ(ﾓｰﾙﾄﾞﾄﾗﾝｽ用),相対変位抑制,1,500,,,,,,,36800 ,124000 
ｵﾌﾟｼｮﾝ(ﾓｰﾙﾄﾞﾄﾗﾝｽ用),相対変位抑制,1,750,,,,,,,36800 ,124000 
ｵﾌﾟｼｮﾝ(ﾓｰﾙﾄﾞﾄﾗﾝｽ用),相対変位抑制,1,1000,,,,,,,36800 ,124000 
ｵﾌﾟｼｮﾝ(ﾓｰﾙﾄﾞﾄﾗﾝｽ用),相対変位抑制,1,1500,,,,,,,72800 ,244000 
ｵﾌﾟｼｮﾝ(ﾓｰﾙﾄﾞﾄﾗﾝｽ用),相対変位抑制,1,2000,,,,,,,72800 ,244000 
ｵﾌﾟｼｮﾝ(油入変圧器用),相対変位抑制,3,10,,,,,,,対象外,対象外
ｵﾌﾟｼｮﾝ(油入変圧器用),相対変位抑制,3,20,,,,,,,対象外,対象外
ｵﾌﾟｼｮﾝ(油入変圧器用),相対変位抑制,3,30,,,,,,,対象外,対象外
ｵﾌﾟｼｮﾝ(油入変圧器用),相対変位抑制,3,50,,,,,,,対象外,対象外
ｵﾌﾟｼｮﾝ(油入変圧器用),相対変位抑制,3,75,,,,,,,25200 ,85000 
ｵﾌﾟｼｮﾝ(油入変圧器用),相対変位抑制,3,100,,,,,,,25200 ,85000 
ｵﾌﾟｼｮﾝ(油入変圧器用),相対変位抑制,3,150,,,,,,,5000 ,168000 
ｵﾌﾟｼｮﾝ(油入変圧器用),相対変位抑制,3,200,,,,,,,5000 ,168000 
ｵﾌﾟｼｮﾝ(油入変圧器用),相対変位抑制,3,300,,,,,,,5000 ,168000 
ｵﾌﾟｼｮﾝ(油入変圧器用),相対変位抑制,3,500,,,,,,,5000 ,168000 
ｵﾌﾟｼｮﾝ(油入変圧器用),相対変位抑制,3,750,,,,,,,8680 ,291000 
ｵﾌﾟｼｮﾝ(油入変圧器用),相対変位抑制,3,1000,,,,,,,8680 ,291000 
ｵﾌﾟｼｮﾝ(油入変圧器用),相対変位抑制,3,1500,,,,,,,17280 ,579000 
ｵﾌﾟｼｮﾝ(油入変圧器用),相対変位抑制,3,2000,,,,,,,17280 ,579000 
ｵﾌﾟｼｮﾝ(ﾓｰﾙﾄﾞﾄﾗﾝｽ用),相対変位抑制,3,10,,,,,,,36800 ,124000 
ｵﾌﾟｼｮﾝ(ﾓｰﾙﾄﾞﾄﾗﾝｽ用),相対変位抑制,3,20,,,,,,,36800 ,124000 
ｵﾌﾟｼｮﾝ(ﾓｰﾙﾄﾞﾄﾗﾝｽ用),相対変位抑制,3,30,,,,,,,36800 ,124000 
ｵﾌﾟｼｮﾝ(ﾓｰﾙﾄﾞﾄﾗﾝｽ用),相対変位抑制,3,50,,,,,,,36800 ,124000 
ｵﾌﾟｼｮﾝ(ﾓｰﾙﾄﾞﾄﾗﾝｽ用),相対変位抑制,3,75,,,,,,,36800 ,124000 
ｵﾌﾟｼｮﾝ(ﾓｰﾙﾄﾞﾄﾗﾝｽ用),相対変位抑制,3,100,,,,,,,36800 ,124000 
ｵﾌﾟｼｮﾝ(ﾓｰﾙﾄﾞﾄﾗﾝｽ用),相対変位抑制,3,150,,,,,,,36800 ,124000 
ｵﾌﾟｼｮﾝ(ﾓｰﾙﾄﾞﾄﾗﾝｽ用),相対変位抑制,3,200,,,,,,,36800 ,124000 
ｵﾌﾟｼｮﾝ(ﾓｰﾙﾄﾞﾄﾗﾝｽ用),相対変位抑制,3,300,,,,,,,36800 ,124000 
ｵﾌﾟｼｮﾝ(ﾓｰﾙﾄﾞﾄﾗﾝｽ用),相対変位抑制,3,500,,,,,,,36800 ,124000 
ｵﾌﾟｼｮﾝ(ﾓｰﾙﾄﾞﾄﾗﾝｽ用),相対変位抑制,3,750,,,,,,,36800 ,124000 
ｵﾌﾟｼｮﾝ(ﾓｰﾙﾄﾞﾄﾗﾝｽ用),相対変位抑制,3,1000,,,,,,,36800 ,124000 
ｵﾌﾟｼｮﾝ(ﾓｰﾙﾄﾞﾄﾗﾝｽ用),相対変位抑制,3,1500,,,,,,,72800 ,244000 
ｵﾌﾟｼｮﾝ(ﾓｰﾙﾄﾞﾄﾗﾝｽ用),相対変位抑制,3,2000,,,,,,,72800 ,244000 
ｵﾌﾟｼｮﾝ(油入変圧器用),測温抵抗体(Pt100Ω),1,10,,,,,,,8680 ,291000 
ｵﾌﾟｼｮﾝ(油入変圧器用),測温抵抗体(Pt100Ω),1,20,,,,,,,8680 ,291000 
ｵﾌﾟｼｮﾝ(油入変圧器用),測温抵抗体(Pt100Ω),1,30,,,,,,,8680 ,291000 
ｵﾌﾟｼｮﾝ(油入変圧器用),測温抵抗体(Pt100Ω),1,50,,,,,,,8680 ,291000 
ｵﾌﾟｼｮﾝ(油入変圧器用),測温抵抗体(Pt100Ω),1,75,,,,,,,5480 ,184000 
ｵﾌﾟｼｮﾝ(油入変圧器用),測温抵抗体(Pt100Ω),1,100,,,,,,,5480 ,184000 
ｵﾌﾟｼｮﾝ(油入変圧器用),測温抵抗体(Pt100Ω),1,150,,,,,,,5480 ,184000 
ｵﾌﾟｼｮﾝ(油入変圧器用),測温抵抗体(Pt100Ω),1,200,,,,,,,5480 ,184000 
ｵﾌﾟｼｮﾝ(油入変圧器用),測温抵抗体(Pt100Ω),1,300,,,,,,,5480 ,184000 
ｵﾌﾟｼｮﾝ(油入変圧器用),測温抵抗体(Pt100Ω),1,500,,,,,,,5480 ,184000 
ｵﾌﾟｼｮﾝ(油入変圧器用),測温抵抗体(Pt100Ω),1,750,,,,,,,5480 ,184000 
ｵﾌﾟｼｮﾝ(油入変圧器用),測温抵抗体(Pt100Ω),1,1000,,,,,,,5480 ,184000 
ｵﾌﾟｼｮﾝ(油入変圧器用),測温抵抗体(Pt100Ω),1,1500,,,,,,,5480 ,184000 
ｵﾌﾟｼｮﾝ(油入変圧器用),測温抵抗体(Pt100Ω),1,2000,,,,,,,5480 ,184000 
ｵﾌﾟｼｮﾝ(ﾓｰﾙﾄﾞﾄﾗﾝｽ用),測温抵抗体(Pt100Ω),1,10,,,,,,,5200 ,175000 
ｵﾌﾟｼｮﾝ(ﾓｰﾙﾄﾞﾄﾗﾝｽ用),測温抵抗体(Pt100Ω),1,20,,,,,,,5200 ,175000 
ｵﾌﾟｼｮﾝ(ﾓｰﾙﾄﾞﾄﾗﾝｽ用),測温抵抗体(Pt100Ω),1,30,,,,,,,5200 ,175000 
ｵﾌﾟｼｮﾝ(ﾓｰﾙﾄﾞﾄﾗﾝｽ用),測温抵抗体(Pt100Ω),1,50,,,,,,,5200 ,175000 
ｵﾌﾟｼｮﾝ(ﾓｰﾙﾄﾞﾄﾗﾝｽ用),測温抵抗体(Pt100Ω),1,75,,,,,,,5200 ,175000 
ｵﾌﾟｼｮﾝ(ﾓｰﾙﾄﾞﾄﾗﾝｽ用),測温抵抗体(Pt100Ω),1,100,,,,,,,5200 ,175000 
ｵﾌﾟｼｮﾝ(ﾓｰﾙﾄﾞﾄﾗﾝｽ用),測温抵抗体(Pt100Ω),1,150,,,,,,,5200 ,175000 
ｵﾌﾟｼｮﾝ(ﾓｰﾙﾄﾞﾄﾗﾝｽ用),測温抵抗体(Pt100Ω),1,200,,,,,,,5200 ,175000 
ｵﾌﾟｼｮﾝ(ﾓｰﾙﾄﾞﾄﾗﾝｽ用),測温抵抗体(Pt100Ω),1,300,,,,,,,5200 ,175000 
ｵﾌﾟｼｮﾝ(ﾓｰﾙﾄﾞﾄﾗﾝｽ用),測温抵抗体(Pt100Ω),1,500,,,,,,,5200 ,175000 
ｵﾌﾟｼｮﾝ(ﾓｰﾙﾄﾞﾄﾗﾝｽ用),測温抵抗体(Pt100Ω),1,750,,,,,,,5200 ,175000 
ｵﾌﾟｼｮﾝ(ﾓｰﾙﾄﾞﾄﾗﾝｽ用),測温抵抗体(Pt100Ω),1,1000,,,,,,,5200 ,175000 
ｵﾌﾟｼｮﾝ(ﾓｰﾙﾄﾞﾄﾗﾝｽ用),測温抵抗体(Pt100Ω),1,1500,,,,,,,5200 ,175000 
ｵﾌﾟｼｮﾝ(ﾓｰﾙﾄﾞﾄﾗﾝｽ用),測温抵抗体(Pt100Ω),1,2000,,,,,,,5200 ,175000 
ｵﾌﾟｼｮﾝ(油入変圧器用),測温抵抗体(Pt100Ω),3,10,,,,,,,8680 ,291000 
ｵﾌﾟｼｮﾝ(油入変圧器用),測温抵抗体(Pt100Ω),3,20,,,,,,,8680 ,291000 
ｵﾌﾟｼｮﾝ(油入変圧器用),測温抵抗体(Pt100Ω),3,30,,,,,,,8680 ,291000 
ｵﾌﾟｼｮﾝ(油入変圧器用),測温抵抗体(Pt100Ω),3,50,,,,,,,8680 ,291000 
ｵﾌﾟｼｮﾝ(油入変圧器用),測温抵抗体(Pt100Ω),3,75,,,,,,,5480 ,184000 
ｵﾌﾟｼｮﾝ(油入変圧器用),測温抵抗体(Pt100Ω),3,100,,,,,,,5480 ,184000 
ｵﾌﾟｼｮﾝ(油入変圧器用),測温抵抗体(Pt100Ω),3,150,,,,,,,5480 ,184000 
ｵﾌﾟｼｮﾝ(油入変圧器用),測温抵抗体(Pt100Ω),3,200,,,,,,,5480 ,184000 
ｵﾌﾟｼｮﾝ(油入変圧器用),測温抵抗体(Pt100Ω),3,300,,,,,,,5480 ,184000 
ｵﾌﾟｼｮﾝ(油入変圧器用),測温抵抗体(Pt100Ω),3,500,,,,,,,5480 ,184000 
ｵﾌﾟｼｮﾝ(油入変圧器用),測温抵抗体(Pt100Ω),3,750,,,,,,,5480 ,184000 
ｵﾌﾟｼｮﾝ(油入変圧器用),測温抵抗体(Pt100Ω),3,1000,,,,,,,5480 ,184000 
ｵﾌﾟｼｮﾝ(油入変圧器用),測温抵抗体(Pt100Ω),3,1500,,,,,,,5480 ,184000 
ｵﾌﾟｼｮﾝ(油入変圧器用),測温抵抗体(Pt100Ω),3,2000,,,,,,,5480 ,184000 
ｵﾌﾟｼｮﾝ(ﾓｰﾙﾄﾞﾄﾗﾝｽ用),測温抵抗体(Pt100Ω),3,10,,,,,,,5200 ,175000 
ｵﾌﾟｼｮﾝ(ﾓｰﾙﾄﾞﾄﾗﾝｽ用),測温抵抗体(Pt100Ω),3,20,,,,,,,5200 ,175000 
ｵﾌﾟｼｮﾝ(ﾓｰﾙﾄﾞﾄﾗﾝｽ用),測温抵抗体(Pt100Ω),3,30,,,,,,,5200 ,175000 
ｵﾌﾟｼｮﾝ(ﾓｰﾙﾄﾞﾄﾗﾝｽ用),測温抵抗体(Pt100Ω),3,50,,,,,,,5200 ,175000 
ｵﾌﾟｼｮﾝ(ﾓｰﾙﾄﾞﾄﾗﾝｽ用),測温抵抗体(Pt100Ω),3,75,,,,,,,5200 ,175000 
ｵﾌﾟｼｮﾝ(ﾓｰﾙﾄﾞﾄﾗﾝｽ用),測温抵抗体(Pt100Ω),3,100,,,,,,,5200 ,175000 
ｵﾌﾟｼｮﾝ(ﾓｰﾙﾄﾞﾄﾗﾝｽ用),測温抵抗体(Pt100Ω),3,150,,,,,,,5200 ,175000 
ｵﾌﾟｼｮﾝ(ﾓｰﾙﾄﾞﾄﾗﾝｽ用),測温抵抗体(Pt100Ω),3,200,,,,,,,5200 ,175000 
ｵﾌﾟｼｮﾝ(ﾓｰﾙﾄﾞﾄﾗﾝｽ用),測温抵抗体(Pt100Ω),3,300,,,,,,,5200 ,175000 
ｵﾌﾟｼｮﾝ(ﾓｰﾙﾄﾞﾄﾗﾝｽ用),測温抵抗体(Pt100Ω),3,500,,,,,,,5200 ,175000 
ｵﾌﾟｼｮﾝ(ﾓｰﾙﾄﾞﾄﾗﾝｽ用),測温抵抗体(Pt100Ω),3,750,,,,,,,5200 ,175000 
ｵﾌﾟｼｮﾝ(ﾓｰﾙﾄﾞﾄﾗﾝｽ用),測温抵抗体(Pt100Ω),3,1000,,,,,,,5200 ,175000 
ｵﾌﾟｼｮﾝ(ﾓｰﾙﾄﾞﾄﾗﾝｽ用),測温抵抗体(Pt100Ω),3,1500,,,,,,,5200 ,175000 
ｵﾌﾟｼｮﾝ(ﾓｰﾙﾄﾞﾄﾗﾝｽ用),測温抵抗体(Pt100Ω),3,2000,,,,,,,5200 ,175000 
ｵﾌﾟｼｮﾝ(油入変圧器用),耐塩ﾌﾞｯｼﾝｸﾞ基礎ﾎﾞﾙﾄ相対変位抑制(高圧のみ、１本あたり),1,10,,,,,,,2200 ,74000 
ｵﾌﾟｼｮﾝ(油入変圧器用),耐塩ﾌﾞｯｼﾝｸﾞ基礎ﾎﾞﾙﾄ相対変位抑制(高圧のみ、１本あたり),1,20,,,,,,,2200 ,74000 
ｵﾌﾟｼｮﾝ(油入変圧器用),耐塩ﾌﾞｯｼﾝｸﾞ基礎ﾎﾞﾙﾄ相対変位抑制(高圧のみ、１本あたり),1,30,,,,,,,2200 ,74000 
ｵﾌﾟｼｮﾝ(油入変圧器用),耐塩ﾌﾞｯｼﾝｸﾞ基礎ﾎﾞﾙﾄ相対変位抑制(高圧のみ、１本あたり),1,50,,,,,,,2200 ,74000 
ｵﾌﾟｼｮﾝ(油入変圧器用),耐塩ﾌﾞｯｼﾝｸﾞ基礎ﾎﾞﾙﾄ相対変位抑制(高圧のみ、１本あたり),1,75,,,,,,,2200 ,74000 
ｵﾌﾟｼｮﾝ(油入変圧器用),耐塩ﾌﾞｯｼﾝｸﾞ基礎ﾎﾞﾙﾄ相対変位抑制(高圧のみ、１本あたり),1,100,,,,,,,2200 ,74000 
ｵﾌﾟｼｮﾝ(油入変圧器用),耐塩ﾌﾞｯｼﾝｸﾞ基礎ﾎﾞﾙﾄ相対変位抑制(高圧のみ、１本あたり),1,150,,,,,,,2200 ,74000 
ｵﾌﾟｼｮﾝ(油入変圧器用),耐塩ﾌﾞｯｼﾝｸﾞ基礎ﾎﾞﾙﾄ相対変位抑制(高圧のみ、１本あたり),1,200,,,,,,,2200 ,74000 
ｵﾌﾟｼｮﾝ(油入変圧器用),耐塩ﾌﾞｯｼﾝｸﾞ基礎ﾎﾞﾙﾄ相対変位抑制(高圧のみ、１本あたり),1,300,,,,,,,2200 ,74000 
ｵﾌﾟｼｮﾝ(油入変圧器用),耐塩ﾌﾞｯｼﾝｸﾞ基礎ﾎﾞﾙﾄ相対変位抑制(高圧のみ、１本あたり),1,500,,,,,,,2200 ,74000 
ｵﾌﾟｼｮﾝ(油入変圧器用),耐塩ﾌﾞｯｼﾝｸﾞ基礎ﾎﾞﾙﾄ相対変位抑制(高圧のみ、１本あたり),1,750,,,,,,,4320 ,145000 
ｵﾌﾟｼｮﾝ(油入変圧器用),耐塩ﾌﾞｯｼﾝｸﾞ基礎ﾎﾞﾙﾄ相対変位抑制(高圧のみ、１本あたり),1,1000,,,,,,,4320 ,145000 
ｵﾌﾟｼｮﾝ(油入変圧器用),耐塩ﾌﾞｯｼﾝｸﾞ基礎ﾎﾞﾙﾄ相対変位抑制(高圧のみ、１本あたり),1,1500,,,,,,,4320 ,145000 
ｵﾌﾟｼｮﾝ(油入変圧器用),耐塩ﾌﾞｯｼﾝｸﾞ基礎ﾎﾞﾙﾄ相対変位抑制(高圧のみ、１本あたり),1,2000,,,,,,,4320 ,145000 
ｵﾌﾟｼｮﾝ(油入変圧器用),耐塩ﾌﾞｯｼﾝｸﾞ基礎ﾎﾞﾙﾄ相対変位抑制(高圧のみ、１本あたり),3,10,,,,,,,2200 ,74000 
ｵﾌﾟｼｮﾝ(油入変圧器用),耐塩ﾌﾞｯｼﾝｸﾞ基礎ﾎﾞﾙﾄ相対変位抑制(高圧のみ、１本あたり),3,20,,,,,,,2200 ,74000 
ｵﾌﾟｼｮﾝ(油入変圧器用),耐塩ﾌﾞｯｼﾝｸﾞ基礎ﾎﾞﾙﾄ相対変位抑制(高圧のみ、１本あたり),3,30,,,,,,,2200 ,74000 
ｵﾌﾟｼｮﾝ(油入変圧器用),耐塩ﾌﾞｯｼﾝｸﾞ基礎ﾎﾞﾙﾄ相対変位抑制(高圧のみ、１本あたり),3,50,,,,,,,2200 ,74000 
ｵﾌﾟｼｮﾝ(油入変圧器用),耐塩ﾌﾞｯｼﾝｸﾞ基礎ﾎﾞﾙﾄ相対変位抑制(高圧のみ、１本あたり),3,75,,,,,,,2200 ,74000 
ｵﾌﾟｼｮﾝ(油入変圧器用),耐塩ﾌﾞｯｼﾝｸﾞ基礎ﾎﾞﾙﾄ相対変位抑制(高圧のみ、１本あたり),3,100,,,,,,,2200 ,74000 
ｵﾌﾟｼｮﾝ(油入変圧器用),耐塩ﾌﾞｯｼﾝｸﾞ基礎ﾎﾞﾙﾄ相対変位抑制(高圧のみ、１本あたり),3,150,,,,,,,2200 ,74000 
ｵﾌﾟｼｮﾝ(油入変圧器用),耐塩ﾌﾞｯｼﾝｸﾞ基礎ﾎﾞﾙﾄ相対変位抑制(高圧のみ、１本あたり),3,200,,,,,,,2200 ,74000 
ｵﾌﾟｼｮﾝ(油入変圧器用),耐塩ﾌﾞｯｼﾝｸﾞ基礎ﾎﾞﾙﾄ相対変位抑制(高圧のみ、１本あたり),3,300,,,,,,,2200 ,74000 
ｵﾌﾟｼｮﾝ(油入変圧器用),耐塩ﾌﾞｯｼﾝｸﾞ基礎ﾎﾞﾙﾄ相対変位抑制(高圧のみ、１本あたり),3,500,,,,,,,2200 ,74000 
ｵﾌﾟｼｮﾝ(油入変圧器用),耐塩ﾌﾞｯｼﾝｸﾞ基礎ﾎﾞﾙﾄ相対変位抑制(高圧のみ、１本あたり),3,750,,,,,,,4320 ,145000 
ｵﾌﾟｼｮﾝ(油入変圧器用),耐塩ﾌﾞｯｼﾝｸﾞ基礎ﾎﾞﾙﾄ相対変位抑制(高圧のみ、１本あたり),3,1000,,,,,,,4320 ,145000 
ｵﾌﾟｼｮﾝ(油入変圧器用),耐塩ﾌﾞｯｼﾝｸﾞ基礎ﾎﾞﾙﾄ相対変位抑制(高圧のみ、１本あたり),3,1500,,,,,,,4320 ,145000 
ｵﾌﾟｼｮﾝ(油入変圧器用),耐塩ﾌﾞｯｼﾝｸﾞ基礎ﾎﾞﾙﾄ相対変位抑制(高圧のみ、１本あたり),3,2000,,,,,,,4320 ,145000 
ｵﾌﾟｼｮﾝ(油入変圧器用),耐塩塗装(注6),1,10,,,,,,,8680 ,291000 
ｵﾌﾟｼｮﾝ(油入変圧器用),耐塩塗装(注6),1,20,,,,,,,8680 ,291000 
ｵﾌﾟｼｮﾝ(油入変圧器用),耐塩塗装(注6),1,30,,,,,,,8680 ,291000 
ｵﾌﾟｼｮﾝ(油入変圧器用),耐塩塗装(注6),1,50,,,,,,,8680 ,291000 
ｵﾌﾟｼｮﾝ(油入変圧器用),耐塩塗装(注6),1,75,,,,,,,14000 ,469000 
ｵﾌﾟｼｮﾝ(油入変圧器用),耐塩塗装(注6),1,100,,,,,,,14000 ,469000 
ｵﾌﾟｼｮﾝ(油入変圧器用),耐塩塗装(注6),1,150,,,,,,,14000 ,469000 
ｵﾌﾟｼｮﾝ(油入変圧器用),耐塩塗装(注6),1,200,,,,,,,14000 ,469000 
ｵﾌﾟｼｮﾝ(油入変圧器用),耐塩塗装(注6),1,300,,,,,,,17280 ,579000 
ｵﾌﾟｼｮﾝ(油入変圧器用),耐塩塗装(注6),1,500,,,,,,,17280 ,579000 
ｵﾌﾟｼｮﾝ(油入変圧器用),耐塩塗装(注6),1,750,,,,,,,19480 ,653000 
ｵﾌﾟｼｮﾝ(油入変圧器用),耐塩塗装(注6),1,1000,,,,,,,19480 ,653000 
ｵﾌﾟｼｮﾝ(油入変圧器用),耐塩塗装(注6),1,1500,,,,,,,25880 ,867000 
ｵﾌﾟｼｮﾝ(油入変圧器用),耐塩塗装(注6),1,2000,,,,,,,32360 ,1085000 
ｵﾌﾟｼｮﾝ(油入変圧器用),耐塩塗装(注6),3,10,,,,,,,8680 ,291000 
ｵﾌﾟｼｮﾝ(油入変圧器用),耐塩塗装(注6),3,20,,,,,,,8680 ,291000 
ｵﾌﾟｼｮﾝ(油入変圧器用),耐塩塗装(注6),3,30,,,,,,,8680 ,291000 
ｵﾌﾟｼｮﾝ(油入変圧器用),耐塩塗装(注6),3,50,,,,,,,8680 ,291000 
ｵﾌﾟｼｮﾝ(油入変圧器用),耐塩塗装(注6),3,75,,,,,,,14000 ,469000 
ｵﾌﾟｼｮﾝ(油入変圧器用),耐塩塗装(注6),3,100,,,,,,,14000 ,469000 
ｵﾌﾟｼｮﾝ(油入変圧器用),耐塩塗装(注6),3,150,,,,,,,14000 ,469000 
ｵﾌﾟｼｮﾝ(油入変圧器用),耐塩塗装(注6),3,200,,,,,,,14000 ,469000 
ｵﾌﾟｼｮﾝ(油入変圧器用),耐塩塗装(注6),3,300,,,,,,,17280 ,579000 
ｵﾌﾟｼｮﾝ(油入変圧器用),耐塩塗装(注6),3,500,,,,,,,17280 ,579000 
ｵﾌﾟｼｮﾝ(油入変圧器用),耐塩塗装(注6),3,750,,,,,,,19480 ,653000 
ｵﾌﾟｼｮﾝ(油入変圧器用),耐塩塗装(注6),3,1000,,,,,,,19480 ,653000 
ｵﾌﾟｼｮﾝ(油入変圧器用),耐塩塗装(注6),3,1500,,,,,,,25880 ,867000 
ｵﾌﾟｼｮﾝ(油入変圧器用),耐塩塗装(注6),3,2000,,,,,,,32360 ,1085000 
ｵﾌﾟｼｮﾝ(油入変圧器用),特殊塗装色(注6)(標準N5.5全艶有り以外),1,10,,,,,,,86800 ,291000 
ｵﾌﾟｼｮﾝ(油入変圧器用),特殊塗装色(注6)(標準N5.5全艶有り以外),1,20,,,,,,,86800 ,291000 
ｵﾌﾟｼｮﾝ(油入変圧器用),特殊塗装色(注6)(標準N5.5全艶有り以外),1,30,,,,,,,86800 ,291000 
ｵﾌﾟｼｮﾝ(油入変圧器用),特殊塗装色(注6)(標準N5.5全艶有り以外),1,50,,,,,,,86800 ,291000 
ｵﾌﾟｼｮﾝ(油入変圧器用),特殊塗装色(注6)(標準N5.5全艶有り以外),1,75,,,,,,,10880 ,365000 
ｵﾌﾟｼｮﾝ(油入変圧器用),特殊塗装色(注6)(標準N5.5全艶有り以外),1,100,,,,,,,10880 ,365000 
ｵﾌﾟｼｮﾝ(油入変圧器用),特殊塗装色(注6)(標準N5.5全艶有り以外),1,150,,,,,,,10880 ,365000 
ｵﾌﾟｼｮﾝ(油入変圧器用),特殊塗装色(注6)(標準N5.5全艶有り以外),1,200,,,,,,,10880 ,365000 
ｵﾌﾟｼｮﾝ(油入変圧器用),特殊塗装色(注6)(標準N5.5全艶有り以外),1,300,,,,,,,12960 ,435000 
ｵﾌﾟｼｮﾝ(油入変圧器用),特殊塗装色(注6)(標準N5.5全艶有り以外),1,500,,,,,,,12960 ,435000 
ｵﾌﾟｼｮﾝ(油入変圧器用),特殊塗装色(注6)(標準N5.5全艶有り以外),1,750,,,,,,,15160 ,508000 
ｵﾌﾟｼｮﾝ(油入変圧器用),特殊塗装色(注6)(標準N5.5全艶有り以外),1,1000,,,,,,,15160 ,508000 
ｵﾌﾟｼｮﾝ(油入変圧器用),特殊塗装色(注6)(標準N5.5全艶有り以外),1,1500,,,,,,,18320 ,614000 
ｵﾌﾟｼｮﾝ(油入変圧器用),特殊塗装色(注6)(標準N5.5全艶有り以外),1,2000,,,,,,,18320 ,614000 
ｵﾌﾟｼｮﾝ(油入変圧器用),特殊塗装色(注6)(標準N5.5全艶有り以外),3,10,,,,,,,86800 ,291000 
ｵﾌﾟｼｮﾝ(油入変圧器用),特殊塗装色(注6)(標準N5.5全艶有り以外),3,20,,,,,,,86800 ,291000 
ｵﾌﾟｼｮﾝ(油入変圧器用),特殊塗装色(注6)(標準N5.5全艶有り以外),3,30,,,,,,,86800 ,291000 
ｵﾌﾟｼｮﾝ(油入変圧器用),特殊塗装色(注6)(標準N5.5全艶有り以外),3,50,,,,,,,86800 ,291000 
ｵﾌﾟｼｮﾝ(油入変圧器用),特殊塗装色(注6)(標準N5.5全艶有り以外),3,75,,,,,,,10880 ,365000 
ｵﾌﾟｼｮﾝ(油入変圧器用),特殊塗装色(注6)(標準N5.5全艶有り以外),3,100,,,,,,,10880 ,365000 
ｵﾌﾟｼｮﾝ(油入変圧器用),特殊塗装色(注6)(標準N5.5全艶有り以外),3,150,,,,,,,10880 ,365000 
ｵﾌﾟｼｮﾝ(油入変圧器用),特殊塗装色(注6)(標準N5.5全艶有り以外),3,200,,,,,,,10880 ,365000 
ｵﾌﾟｼｮﾝ(油入変圧器用),特殊塗装色(注6)(標準N5.5全艶有り以外),3,300,,,,,,,12960 ,435000 
ｵﾌﾟｼｮﾝ(油入変圧器用),特殊塗装色(注6)(標準N5.5全艶有り以外),3,500,,,,,,,12960 ,435000 
ｵﾌﾟｼｮﾝ(油入変圧器用),特殊塗装色(注6)(標準N5.5全艶有り以外),3,750,,,,,,,15160 ,508000 
ｵﾌﾟｼｮﾝ(油入変圧器用),特殊塗装色(注6)(標準N5.5全艶有り以外),3,1000,,,,,,,15160 ,508000 
ｵﾌﾟｼｮﾝ(油入変圧器用),特殊塗装色(注6)(標準N5.5全艶有り以外),3,1500,,,,,,,18320 ,614000 
ｵﾌﾟｼｮﾝ(油入変圧器用),特殊塗装色(注6)(標準N5.5全艶有り以外),3,2000,,,,,,,18320 ,614000 
ｵﾌﾟｼｮﾝ(油入変圧器用),二次端子向き変更,1,10,,,,,,,対象外,対象外
ｵﾌﾟｼｮﾝ(油入変圧器用),二次端子向き変更,1,20,,,,,,,対象外,対象外
ｵﾌﾟｼｮﾝ(油入変圧器用),二次端子向き変更,1,30,,,,,,,対象外,対象外
ｵﾌﾟｼｮﾝ(油入変圧器用),二次端子向き変更,1,50,,,,,,,対象外,対象外
ｵﾌﾟｼｮﾝ(油入変圧器用),二次端子向き変更,1,75,,,,,,,2200 ,74000 
ｵﾌﾟｼｮﾝ(油入変圧器用),二次端子向き変更,1,100,,,,,,,2200 ,74000 
ｵﾌﾟｼｮﾝ(油入変圧器用),二次端子向き変更,1,150,,,,,,,2200 ,74000 
ｵﾌﾟｼｮﾝ(油入変圧器用),二次端子向き変更,1,200,,,,,,,2200 ,74000 
ｵﾌﾟｼｮﾝ(油入変圧器用),二次端子向き変更,1,300,,,,,,,2200 ,74000 
ｵﾌﾟｼｮﾝ(油入変圧器用),二次端子向き変更,1,500,,,,,,,2200 ,74000 
ｵﾌﾟｼｮﾝ(油入変圧器用),二次端子向き変更,1,750,,,,,,,9880 ,331000 
ｵﾌﾟｼｮﾝ(油入変圧器用),二次端子向き変更,1,1000,,,,,,,9880 ,331000 
ｵﾌﾟｼｮﾝ(油入変圧器用),二次端子向き変更,1,1500,,,,,,,対象外,対象外
ｵﾌﾟｼｮﾝ(油入変圧器用),二次端子向き変更,1,2000,,,,,,,対象外,対象外
ｵﾌﾟｼｮﾝ(油入変圧器用),二次端子向き変更,3,10,,,,,,,対象外,対象外
ｵﾌﾟｼｮﾝ(油入変圧器用),二次端子向き変更,3,20,,,,,,,対象外,対象外
ｵﾌﾟｼｮﾝ(油入変圧器用),二次端子向き変更,3,30,,,,,,,対象外,対象外
ｵﾌﾟｼｮﾝ(油入変圧器用),二次端子向き変更,3,50,,,,,,,対象外,対象外
ｵﾌﾟｼｮﾝ(油入変圧器用),二次端子向き変更,3,75,,,,,,,2200 ,74000 
ｵﾌﾟｼｮﾝ(油入変圧器用),二次端子向き変更,3,100,,,,,,,2200 ,74000 
ｵﾌﾟｼｮﾝ(油入変圧器用),二次端子向き変更,3,150,,,,,,,2200 ,74000 
ｵﾌﾟｼｮﾝ(油入変圧器用),二次端子向き変更,3,200,,,,,,,2200 ,74000 
ｵﾌﾟｼｮﾝ(油入変圧器用),二次端子向き変更,3,300,,,,,,,2200 ,74000 
ｵﾌﾟｼｮﾝ(油入変圧器用),二次端子向き変更,3,500,,,,,,,2200 ,74000 
ｵﾌﾟｼｮﾝ(油入変圧器用),二次端子向き変更,3,750,,,,,,,9880 ,331000 
ｵﾌﾟｼｮﾝ(油入変圧器用),二次端子向き変更,3,1000,,,,,,,9880 ,331000 
ｵﾌﾟｼｮﾝ(油入変圧器用),二次端子向き変更,3,1500,,,,,,,対象外,対象外
ｵﾌﾟｼｮﾝ(油入変圧器用),二次端子向き変更,3,2000,,,,,,,対象外,対象外
ｵﾌﾟｼｮﾝ(油入変圧器用),排油栓,1,10,,,,,,,5480 ,184000 
ｵﾌﾟｼｮﾝ(油入変圧器用),排油栓,1,20,,,,,,,5480 ,184000 
ｵﾌﾟｼｮﾝ(油入変圧器用),排油栓,1,30,,,,,,,5480 ,184000 
ｵﾌﾟｼｮﾝ(油入変圧器用),排油栓,1,50,,,,,,,5480 ,184000 
ｵﾌﾟｼｮﾝ(油入変圧器用),排油栓,1,75,,,,,,,標準装備,標準装備
ｵﾌﾟｼｮﾝ(油入変圧器用),排油栓,1,100,,,,,,,標準装備,標準装備
ｵﾌﾟｼｮﾝ(油入変圧器用),排油栓,1,150,,,,,,,標準装備,標準装備
ｵﾌﾟｼｮﾝ(油入変圧器用),排油栓,1,200,,,,,,,標準装備,標準装備
ｵﾌﾟｼｮﾝ(油入変圧器用),排油栓,1,300,,,,,,,標準装備,標準装備
ｵﾌﾟｼｮﾝ(油入変圧器用),排油栓,1,500,,,,,,,標準装備,標準装備
ｵﾌﾟｼｮﾝ(油入変圧器用),排油栓,1,750,,,,,,,標準装備,標準装備
ｵﾌﾟｼｮﾝ(油入変圧器用),排油栓,1,1000,,,,,,,標準装備,標準装備
ｵﾌﾟｼｮﾝ(油入変圧器用),排油栓,1,1500,,,,,,,標準装備,標準装備
ｵﾌﾟｼｮﾝ(油入変圧器用),排油栓,1,2000,,,,,,,標準装備,標準装備
ｵﾌﾟｼｮﾝ(油入変圧器用),排油栓,3,10,,,,,,,5480 ,184000 
ｵﾌﾟｼｮﾝ(油入変圧器用),排油栓,3,20,,,,,,,5480 ,184000 
ｵﾌﾟｼｮﾝ(油入変圧器用),排油栓,3,30,,,,,,,5480 ,184000 
ｵﾌﾟｼｮﾝ(油入変圧器用),排油栓,3,50,,,,,,,5480 ,184000 
ｵﾌﾟｼｮﾝ(油入変圧器用),排油栓,3,75,,,,,,,標準装備,標準装備
ｵﾌﾟｼｮﾝ(油入変圧器用),排油栓,3,100,,,,,,,標準装備,標準装備
ｵﾌﾟｼｮﾝ(油入変圧器用),排油栓,3,150,,,,,,,標準装備,標準装備
ｵﾌﾟｼｮﾝ(油入変圧器用),排油栓,3,200,,,,,,,標準装備,標準装備
ｵﾌﾟｼｮﾝ(油入変圧器用),排油栓,3,300,,,,,,,標準装備,標準装備
ｵﾌﾟｼｮﾝ(油入変圧器用),排油栓,3,500,,,,,,,標準装備,標準装備
ｵﾌﾟｼｮﾝ(油入変圧器用),排油栓,3,750,,,,,,,標準装備,標準装備
ｵﾌﾟｼｮﾝ(油入変圧器用),排油栓,3,1000,,,,,,,標準装備,標準装備
ｵﾌﾟｼｮﾝ(油入変圧器用),排油栓,3,1500,,,,,,,標準装備,標準装備
ｵﾌﾟｼｮﾝ(油入変圧器用),排油栓,3,2000,,,,,,,標準装備,標準装備
ｵﾌﾟｼｮﾝ(油入変圧器用),排油弁,1,10,,,,,,,6520 ,219000 
ｵﾌﾟｼｮﾝ(油入変圧器用),排油弁,1,20,,,,,,,6520 ,219000 
ｵﾌﾟｼｮﾝ(油入変圧器用),排油弁,1,30,,,,,,,6520 ,219000 
ｵﾌﾟｼｮﾝ(油入変圧器用),排油弁,1,50,,,,,,,6520 ,219000 
ｵﾌﾟｼｮﾝ(油入変圧器用),排油弁,1,75,,,,,,,標準装備,標準装備
ｵﾌﾟｼｮﾝ(油入変圧器用),排油弁,1,100,,,,,,,標準装備,標準装備
ｵﾌﾟｼｮﾝ(油入変圧器用),排油弁,1,150,,,,,,,標準装備,標準装備
ｵﾌﾟｼｮﾝ(油入変圧器用),排油弁,1,200,,,,,,,標準装備,標準装備
ｵﾌﾟｼｮﾝ(油入変圧器用),排油弁,1,300,,,,,,,標準装備,標準装備
ｵﾌﾟｼｮﾝ(油入変圧器用),排油弁,1,500,,,,,,,標準装備,標準装備
ｵﾌﾟｼｮﾝ(油入変圧器用),排油弁,1,750,,,,,,,標準装備,標準装備
ｵﾌﾟｼｮﾝ(油入変圧器用),排油弁,1,1000,,,,,,,標準装備,標準装備
ｵﾌﾟｼｮﾝ(油入変圧器用),排油弁,1,1500,,,,,,,標準装備,標準装備
ｵﾌﾟｼｮﾝ(油入変圧器用),排油弁,1,2000,,,,,,,標準装備,標準装備
ｵﾌﾟｼｮﾝ(油入変圧器用),排油弁,3,10,,,,,,,6520 ,219000 
ｵﾌﾟｼｮﾝ(油入変圧器用),排油弁,3,20,,,,,,,6520 ,219000 
ｵﾌﾟｼｮﾝ(油入変圧器用),排油弁,3,30,,,,,,,6520 ,219000 
ｵﾌﾟｼｮﾝ(油入変圧器用),排油弁,3,50,,,,,,,6520 ,219000 
ｵﾌﾟｼｮﾝ(油入変圧器用),排油弁,3,75,,,,,,,標準装備,標準装備
ｵﾌﾟｼｮﾝ(油入変圧器用),排油弁,3,100,,,,,,,標準装備,標準装備
ｵﾌﾟｼｮﾝ(油入変圧器用),排油弁,3,150,,,,,,,標準装備,標準装備
ｵﾌﾟｼｮﾝ(油入変圧器用),排油弁,3,200,,,,,,,標準装備,標準装備
ｵﾌﾟｼｮﾝ(油入変圧器用),排油弁,3,300,,,,,,,標準装備,標準装備
ｵﾌﾟｼｮﾝ(油入変圧器用),排油弁,3,500,,,,,,,標準装備,標準装備
ｵﾌﾟｼｮﾝ(油入変圧器用),排油弁,3,750,,,,,,,標準装備,標準装備
ｵﾌﾟｼｮﾝ(油入変圧器用),排油弁,3,1000,,,,,,,標準装備,標準装備
ｵﾌﾟｼｮﾝ(油入変圧器用),排油弁,3,1500,,,,,,,標準装備,標準装備
ｵﾌﾟｼｮﾝ(油入変圧器用),排油弁,3,2000,,,,,,,標準装備,標準装備
ｵﾌﾟｼｮﾝ(ﾓｰﾙﾄﾞﾄﾗﾝｽ用),平車輪,1,10,,,,,,,4280 ,144000 
ｵﾌﾟｼｮﾝ(ﾓｰﾙﾄﾞﾄﾗﾝｽ用),平車輪,1,20,,,,,,,4280 ,144000 
ｵﾌﾟｼｮﾝ(ﾓｰﾙﾄﾞﾄﾗﾝｽ用),平車輪,1,30,,,,,,,4280 ,144000 
ｵﾌﾟｼｮﾝ(ﾓｰﾙﾄﾞﾄﾗﾝｽ用),平車輪,1,50,,,,,,,4280 ,144000 
ｵﾌﾟｼｮﾝ(ﾓｰﾙﾄﾞﾄﾗﾝｽ用),平車輪,1,75,,,,,,,4280 ,144000 
ｵﾌﾟｼｮﾝ(ﾓｰﾙﾄﾞﾄﾗﾝｽ用),平車輪,1,100,,,,,,,4280 ,144000 
ｵﾌﾟｼｮﾝ(ﾓｰﾙﾄﾞﾄﾗﾝｽ用),平車輪,1,150,,,,,,,4280 ,144000 
ｵﾌﾟｼｮﾝ(ﾓｰﾙﾄﾞﾄﾗﾝｽ用),平車輪,1,200,,,,,,,4280 ,144000 
ｵﾌﾟｼｮﾝ(ﾓｰﾙﾄﾞﾄﾗﾝｽ用),平車輪,1,300,,,,,,,4280 ,144000 
ｵﾌﾟｼｮﾝ(ﾓｰﾙﾄﾞﾄﾗﾝｽ用),平車輪,1,500,,,,,,,4280 ,144000 
ｵﾌﾟｼｮﾝ(ﾓｰﾙﾄﾞﾄﾗﾝｽ用),平車輪,1,750,,,,,,,5200 ,175000 
ｵﾌﾟｼｮﾝ(ﾓｰﾙﾄﾞﾄﾗﾝｽ用),平車輪,1,1000,,,,,,,5200 ,175000 
ｵﾌﾟｼｮﾝ(ﾓｰﾙﾄﾞﾄﾗﾝｽ用),平車輪,1,1500,,,,,,,12480 ,419000 
ｵﾌﾟｼｮﾝ(ﾓｰﾙﾄﾞﾄﾗﾝｽ用),平車輪,1,2000,,,,,,,12480 ,419000 
ｵﾌﾟｼｮﾝ(ﾓｰﾙﾄﾞﾄﾗﾝｽ用),平車輪,3,10,,,,,,,4280 ,144000 
ｵﾌﾟｼｮﾝ(ﾓｰﾙﾄﾞﾄﾗﾝｽ用),平車輪,3,20,,,,,,,4280 ,144000 
ｵﾌﾟｼｮﾝ(ﾓｰﾙﾄﾞﾄﾗﾝｽ用),平車輪,3,30,,,,,,,4280 ,144000 
ｵﾌﾟｼｮﾝ(ﾓｰﾙﾄﾞﾄﾗﾝｽ用),平車輪,3,50,,,,,,,4280 ,144000 
ｵﾌﾟｼｮﾝ(ﾓｰﾙﾄﾞﾄﾗﾝｽ用),平車輪,3,75,,,,,,,4280 ,144000 
ｵﾌﾟｼｮﾝ(ﾓｰﾙﾄﾞﾄﾗﾝｽ用),平車輪,3,100,,,,,,,4280 ,144000 
ｵﾌﾟｼｮﾝ(ﾓｰﾙﾄﾞﾄﾗﾝｽ用),平車輪,3,150,,,,,,,4280 ,144000 
ｵﾌﾟｼｮﾝ(ﾓｰﾙﾄﾞﾄﾗﾝｽ用),平車輪,3,200,,,,,,,4280 ,144000 
ｵﾌﾟｼｮﾝ(ﾓｰﾙﾄﾞﾄﾗﾝｽ用),平車輪,3,300,,,,,,,4280 ,144000 
ｵﾌﾟｼｮﾝ(ﾓｰﾙﾄﾞﾄﾗﾝｽ用),平車輪,3,500,,,,,,,4280 ,144000 
ｵﾌﾟｼｮﾝ(ﾓｰﾙﾄﾞﾄﾗﾝｽ用),平車輪,3,750,,,,,,,5200 ,175000 
ｵﾌﾟｼｮﾝ(ﾓｰﾙﾄﾞﾄﾗﾝｽ用),平車輪,3,1000,,,,,,,5200 ,175000 
ｵﾌﾟｼｮﾝ(ﾓｰﾙﾄﾞﾄﾗﾝｽ用),平車輪,3,1500,,,,,,,12480 ,419000 
ｵﾌﾟｼｮﾝ(ﾓｰﾙﾄﾞﾄﾗﾝｽ用),平車輪,3,2000,,,,,,,12480 ,419000 
ｵﾌﾟｼｮﾝ(油入変圧器用),平車輪(注4),1,10,,,,,,,54800 ,184000 
ｵﾌﾟｼｮﾝ(油入変圧器用),平車輪(注4),1,20,,,,,,,54800 ,184000 
ｵﾌﾟｼｮﾝ(油入変圧器用),平車輪(注4),1,30,,,,,,,54800 ,184000 
ｵﾌﾟｼｮﾝ(油入変圧器用),平車輪(注4),1,50,,,,,,,54800 ,184000 
ｵﾌﾟｼｮﾝ(油入変圧器用),平車輪(注4),1,75,,,,,,,54800 ,184000 
ｵﾌﾟｼｮﾝ(油入変圧器用),平車輪(注4),1,100,,,,,,,54800 ,184000 
ｵﾌﾟｼｮﾝ(油入変圧器用),平車輪(注4),1,150,,,,,,,54800 ,184000 
ｵﾌﾟｼｮﾝ(油入変圧器用),平車輪(注4),1,200,,,,,,,54800 ,184000 
ｵﾌﾟｼｮﾝ(油入変圧器用),平車輪(注4),1,300,,,,,,,65200 ,219000 
ｵﾌﾟｼｮﾝ(油入変圧器用),平車輪(注4),1,500,,,,,,,65200 ,219000 
ｵﾌﾟｼｮﾝ(油入変圧器用),平車輪(注4),1,750,,,,,,,68800 ,231000 
ｵﾌﾟｼｮﾝ(油入変圧器用),平車輪(注4),1,1000,,,,,,,68800 ,231000 
ｵﾌﾟｼｮﾝ(油入変圧器用),平車輪(注4),1,1500,,,,,,,見積品,見積品
ｵﾌﾟｼｮﾝ(油入変圧器用),平車輪(注4),1,2000,,,,,,,見積品,見積品
ｵﾌﾟｼｮﾝ(油入変圧器用),平車輪(注4),3,10,,,,,,,54800 ,184000 
ｵﾌﾟｼｮﾝ(油入変圧器用),平車輪(注4),3,20,,,,,,,54800 ,184000 
ｵﾌﾟｼｮﾝ(油入変圧器用),平車輪(注4),3,30,,,,,,,54800 ,184000 
ｵﾌﾟｼｮﾝ(油入変圧器用),平車輪(注4),3,50,,,,,,,54800 ,184000 
ｵﾌﾟｼｮﾝ(油入変圧器用),平車輪(注4),3,75,,,,,,,54800 ,184000 
ｵﾌﾟｼｮﾝ(油入変圧器用),平車輪(注4),3,100,,,,,,,54800 ,184000 
ｵﾌﾟｼｮﾝ(油入変圧器用),平車輪(注4),3,150,,,,,,,54800 ,184000 
ｵﾌﾟｼｮﾝ(油入変圧器用),平車輪(注4),3,200,,,,,,,54800 ,184000 
ｵﾌﾟｼｮﾝ(油入変圧器用),平車輪(注4),3,300,,,,,,,65200 ,219000 
ｵﾌﾟｼｮﾝ(油入変圧器用),平車輪(注4),3,500,,,,,,,65200 ,219000 
ｵﾌﾟｼｮﾝ(油入変圧器用),平車輪(注4),3,750,,,,,,,68800 ,231000 
ｵﾌﾟｼｮﾝ(油入変圧器用),平車輪(注4),3,1000,,,,,,,68800 ,231000 
ｵﾌﾟｼｮﾝ(油入変圧器用),平車輪(注4),3,1500,,,,,,,見積品,見積品
ｵﾌﾟｼｮﾝ(油入変圧器用),平車輪(注4),3,2000,,,,,,,見積品,見積品
ｵﾌﾟｼｮﾝ(ﾓｰﾙﾄﾞﾄﾗﾝｽ用),防振ｺﾞﾑ,1,10,,,,,,,3280 ,110000 
ｵﾌﾟｼｮﾝ(ﾓｰﾙﾄﾞﾄﾗﾝｽ用),防振ｺﾞﾑ,1,20,,,,,,,3280 ,110000 
ｵﾌﾟｼｮﾝ(ﾓｰﾙﾄﾞﾄﾗﾝｽ用),防振ｺﾞﾑ,1,30,,,,,,,3280 ,110000 
ｵﾌﾟｼｮﾝ(ﾓｰﾙﾄﾞﾄﾗﾝｽ用),防振ｺﾞﾑ,1,50,,,,,,,3280 ,110000 
ｵﾌﾟｼｮﾝ(ﾓｰﾙﾄﾞﾄﾗﾝｽ用),防振ｺﾞﾑ,1,75,,,,,,,3280 ,110000 
ｵﾌﾟｼｮﾝ(ﾓｰﾙﾄﾞﾄﾗﾝｽ用),防振ｺﾞﾑ,1,100,,,,,,,3280 ,110000 
ｵﾌﾟｼｮﾝ(ﾓｰﾙﾄﾞﾄﾗﾝｽ用),防振ｺﾞﾑ,1,150,,,,,,,3280 ,110000 
ｵﾌﾟｼｮﾝ(ﾓｰﾙﾄﾞﾄﾗﾝｽ用),防振ｺﾞﾑ,1,200,,,,,,,3280 ,110000 
ｵﾌﾟｼｮﾝ(ﾓｰﾙﾄﾞﾄﾗﾝｽ用),防振ｺﾞﾑ,1,300,,,,,,,3280 ,110000 
ｵﾌﾟｼｮﾝ(ﾓｰﾙﾄﾞﾄﾗﾝｽ用),防振ｺﾞﾑ,1,500,,,,,,,3280 ,110000 
ｵﾌﾟｼｮﾝ(ﾓｰﾙﾄﾞﾄﾗﾝｽ用),防振ｺﾞﾑ,1,750,,,,,,,4320 ,145000 
ｵﾌﾟｼｮﾝ(ﾓｰﾙﾄﾞﾄﾗﾝｽ用),防振ｺﾞﾑ,1,1000,,,,,,,4320 ,145000 
ｵﾌﾟｼｮﾝ(ﾓｰﾙﾄﾞﾄﾗﾝｽ用),防振ｺﾞﾑ,1,1500,,,,,,,12960 ,435000 
ｵﾌﾟｼｮﾝ(ﾓｰﾙﾄﾞﾄﾗﾝｽ用),防振ｺﾞﾑ,1,2000,,,,,,,12960 ,435000 
ｵﾌﾟｼｮﾝ(ﾓｰﾙﾄﾞﾄﾗﾝｽ用),防振ｺﾞﾑ,3,10,,,,,,,3280 ,110000 
ｵﾌﾟｼｮﾝ(ﾓｰﾙﾄﾞﾄﾗﾝｽ用),防振ｺﾞﾑ,3,20,,,,,,,3280 ,110000 
ｵﾌﾟｼｮﾝ(ﾓｰﾙﾄﾞﾄﾗﾝｽ用),防振ｺﾞﾑ,3,30,,,,,,,3280 ,110000 
ｵﾌﾟｼｮﾝ(ﾓｰﾙﾄﾞﾄﾗﾝｽ用),防振ｺﾞﾑ,3,50,,,,,,,3280 ,110000 
ｵﾌﾟｼｮﾝ(ﾓｰﾙﾄﾞﾄﾗﾝｽ用),防振ｺﾞﾑ,3,75,,,,,,,3280 ,110000 
ｵﾌﾟｼｮﾝ(ﾓｰﾙﾄﾞﾄﾗﾝｽ用),防振ｺﾞﾑ,3,100,,,,,,,3280 ,110000 
ｵﾌﾟｼｮﾝ(ﾓｰﾙﾄﾞﾄﾗﾝｽ用),防振ｺﾞﾑ,3,150,,,,,,,3280 ,110000 
ｵﾌﾟｼｮﾝ(ﾓｰﾙﾄﾞﾄﾗﾝｽ用),防振ｺﾞﾑ,3,200,,,,,,,3280 ,110000 
ｵﾌﾟｼｮﾝ(ﾓｰﾙﾄﾞﾄﾗﾝｽ用),防振ｺﾞﾑ,3,300,,,,,,,3280 ,110000 
ｵﾌﾟｼｮﾝ(ﾓｰﾙﾄﾞﾄﾗﾝｽ用),防振ｺﾞﾑ,3,500,,,,,,,3280 ,110000 
ｵﾌﾟｼｮﾝ(ﾓｰﾙﾄﾞﾄﾗﾝｽ用),防振ｺﾞﾑ,3,750,,,,,,,4320 ,145000 
ｵﾌﾟｼｮﾝ(ﾓｰﾙﾄﾞﾄﾗﾝｽ用),防振ｺﾞﾑ,3,1000,,,,,,,4320 ,145000 
ｵﾌﾟｼｮﾝ(ﾓｰﾙﾄﾞﾄﾗﾝｽ用),防振ｺﾞﾑ,3,1500,,,,,,,12960 ,435000 
ｵﾌﾟｼｮﾝ(ﾓｰﾙﾄﾞﾄﾗﾝｽ用),防振ｺﾞﾑ,3,2000,,,,,,,12960 ,435000 
ｵﾌﾟｼｮﾝ(油入変圧器用),防振ｺﾞﾑ(屋外用),1,10,,,,,,,108800 ,365000 
ｵﾌﾟｼｮﾝ(油入変圧器用),防振ｺﾞﾑ(屋外用),1,20,,,,,,,108800 ,365000 
ｵﾌﾟｼｮﾝ(油入変圧器用),防振ｺﾞﾑ(屋外用),1,30,,,,,,,108800 ,365000 
ｵﾌﾟｼｮﾝ(油入変圧器用),防振ｺﾞﾑ(屋外用),1,50,,,,,,,108800 ,365000 
ｵﾌﾟｼｮﾝ(油入変圧器用),防振ｺﾞﾑ(屋外用),1,75,,,,,,,108800 ,365000 
ｵﾌﾟｼｮﾝ(油入変圧器用),防振ｺﾞﾑ(屋外用),1,100,,,,,,,108800 ,365000 
ｵﾌﾟｼｮﾝ(油入変圧器用),防振ｺﾞﾑ(屋外用),1,150,,,,,,,108800 ,365000 
ｵﾌﾟｼｮﾝ(油入変圧器用),防振ｺﾞﾑ(屋外用),1,200,,,,,,,108800 ,365000 
ｵﾌﾟｼｮﾝ(油入変圧器用),防振ｺﾞﾑ(屋外用),1,300,,,,,,,129600 ,435000 
ｵﾌﾟｼｮﾝ(油入変圧器用),防振ｺﾞﾑ(屋外用),1,500,,,,,,,129600 ,435000 
ｵﾌﾟｼｮﾝ(油入変圧器用),防振ｺﾞﾑ(屋外用),1,750,,,,,,,151600 ,508000 
ｵﾌﾟｼｮﾝ(油入変圧器用),防振ｺﾞﾑ(屋外用),1,1000,,,,,,,151600 ,508000 
ｵﾌﾟｼｮﾝ(油入変圧器用),防振ｺﾞﾑ(屋外用),1,1500,,,,,,,301600 ,1011000 
ｵﾌﾟｼｮﾝ(油入変圧器用),防振ｺﾞﾑ(屋外用),1,2000,,,,,,,301600 ,1011000 
ｵﾌﾟｼｮﾝ(油入変圧器用),防振ｺﾞﾑ(屋外用),3,10,,,,,,,108800 ,365000 
ｵﾌﾟｼｮﾝ(油入変圧器用),防振ｺﾞﾑ(屋外用),3,20,,,,,,,108800 ,365000 
ｵﾌﾟｼｮﾝ(油入変圧器用),防振ｺﾞﾑ(屋外用),3,30,,,,,,,108800 ,365000 
ｵﾌﾟｼｮﾝ(油入変圧器用),防振ｺﾞﾑ(屋外用),3,50,,,,,,,108800 ,365000 
ｵﾌﾟｼｮﾝ(油入変圧器用),防振ｺﾞﾑ(屋外用),3,75,,,,,,,108800 ,365000 
ｵﾌﾟｼｮﾝ(油入変圧器用),防振ｺﾞﾑ(屋外用),3,100,,,,,,,108800 ,365000 
ｵﾌﾟｼｮﾝ(油入変圧器用),防振ｺﾞﾑ(屋外用),3,150,,,,,,,108800 ,365000 
ｵﾌﾟｼｮﾝ(油入変圧器用),防振ｺﾞﾑ(屋外用),3,200,,,,,,,108800 ,365000 
ｵﾌﾟｼｮﾝ(油入変圧器用),防振ｺﾞﾑ(屋外用),3,300,,,,,,,129600 ,435000 
ｵﾌﾟｼｮﾝ(油入変圧器用),防振ｺﾞﾑ(屋外用),3,500,,,,,,,129600 ,435000 
ｵﾌﾟｼｮﾝ(油入変圧器用),防振ｺﾞﾑ(屋外用),3,750,,,,,,,151600 ,508000 
ｵﾌﾟｼｮﾝ(油入変圧器用),防振ｺﾞﾑ(屋外用),3,1000,,,,,,,151600 ,508000 
ｵﾌﾟｼｮﾝ(油入変圧器用),防振ｺﾞﾑ(屋外用),3,1500,,,,,,,301600 ,1011000 
ｵﾌﾟｼｮﾝ(油入変圧器用),防振ｺﾞﾑ(屋外用),3,2000,,,,,,,301600 ,1011000 
ｵﾌﾟｼｮﾝ(油入変圧器用),防振ｺﾞﾑ(屋内用),1,10,,,,,,,54800 ,184000 
ｵﾌﾟｼｮﾝ(油入変圧器用),防振ｺﾞﾑ(屋内用),1,20,,,,,,,54800 ,184000 
ｵﾌﾟｼｮﾝ(油入変圧器用),防振ｺﾞﾑ(屋内用),1,30,,,,,,,54800 ,184000 
ｵﾌﾟｼｮﾝ(油入変圧器用),防振ｺﾞﾑ(屋内用),1,50,,,,,,,54800 ,184000 
ｵﾌﾟｼｮﾝ(油入変圧器用),防振ｺﾞﾑ(屋内用),1,75,,,,,,,54800 ,184000 
ｵﾌﾟｼｮﾝ(油入変圧器用),防振ｺﾞﾑ(屋内用),1,100,,,,,,,54800 ,184000 
ｵﾌﾟｼｮﾝ(油入変圧器用),防振ｺﾞﾑ(屋内用),1,150,,,,,,,54800 ,184000 
ｵﾌﾟｼｮﾝ(油入変圧器用),防振ｺﾞﾑ(屋内用),1,200,,,,,,,54800 ,184000 
ｵﾌﾟｼｮﾝ(油入変圧器用),防振ｺﾞﾑ(屋内用),1,300,,,,,,,65200 ,219000 
ｵﾌﾟｼｮﾝ(油入変圧器用),防振ｺﾞﾑ(屋内用),1,500,,,,,,,65200 ,219000 
ｵﾌﾟｼｮﾝ(油入変圧器用),防振ｺﾞﾑ(屋内用),1,750,,,,,,,76000 ,255000 
ｵﾌﾟｼｮﾝ(油入変圧器用),防振ｺﾞﾑ(屋内用),1,1000,,,,,,,76000 ,255000 
ｵﾌﾟｼｮﾝ(油入変圧器用),防振ｺﾞﾑ(屋内用),1,1500,,,,,,,151600 ,508000 
ｵﾌﾟｼｮﾝ(油入変圧器用),防振ｺﾞﾑ(屋内用),1,2000,,,,,,,151600 ,508000 
ｵﾌﾟｼｮﾝ(油入変圧器用),防振ｺﾞﾑ(屋内用),3,10,,,,,,,54800 ,184000 
ｵﾌﾟｼｮﾝ(油入変圧器用),防振ｺﾞﾑ(屋内用),3,20,,,,,,,54800 ,184000 
ｵﾌﾟｼｮﾝ(油入変圧器用),防振ｺﾞﾑ(屋内用),3,30,,,,,,,54800 ,184000 
ｵﾌﾟｼｮﾝ(油入変圧器用),防振ｺﾞﾑ(屋内用),3,50,,,,,,,54800 ,184000 
ｵﾌﾟｼｮﾝ(油入変圧器用),防振ｺﾞﾑ(屋内用),3,75,,,,,,,54800 ,184000 
ｵﾌﾟｼｮﾝ(油入変圧器用),防振ｺﾞﾑ(屋内用),3,100,,,,,,,54800 ,184000 
ｵﾌﾟｼｮﾝ(油入変圧器用),防振ｺﾞﾑ(屋内用),3,150,,,,,,,54800 ,184000 
ｵﾌﾟｼｮﾝ(油入変圧器用),防振ｺﾞﾑ(屋内用),3,200,,,,,,,54800 ,184000 
ｵﾌﾟｼｮﾝ(油入変圧器用),防振ｺﾞﾑ(屋内用),3,300,,,,,,,65200 ,219000 
ｵﾌﾟｼｮﾝ(油入変圧器用),防振ｺﾞﾑ(屋内用),3,500,,,,,,,65200 ,219000 
ｵﾌﾟｼｮﾝ(油入変圧器用),防振ｺﾞﾑ(屋内用),3,750,,,,,,,76000 ,255000 
ｵﾌﾟｼｮﾝ(油入変圧器用),防振ｺﾞﾑ(屋内用),3,1000,,,,,,,76000 ,255000 
ｵﾌﾟｼｮﾝ(油入変圧器用),防振ｺﾞﾑ(屋内用),3,1500,,,,,,,151600 ,508000 
ｵﾌﾟｼｮﾝ(油入変圧器用),防振ｺﾞﾑ(屋内用),3,2000,,,,,,,151600 ,508000 
ｵﾌﾟｼｮﾝ(油入変圧器用),油劣化防止剤内蔵(活性ｱﾙﾐﾅ）,1,10,,,,,,,2200 ,74000 
ｵﾌﾟｼｮﾝ(油入変圧器用),油劣化防止剤内蔵(活性ｱﾙﾐﾅ）,1,20,,,,,,,2200 ,74000 
ｵﾌﾟｼｮﾝ(油入変圧器用),油劣化防止剤内蔵(活性ｱﾙﾐﾅ）,1,30,,,,,,,2200 ,74000 
ｵﾌﾟｼｮﾝ(油入変圧器用),油劣化防止剤内蔵(活性ｱﾙﾐﾅ）,1,50,,,,,,,2200 ,74000 
ｵﾌﾟｼｮﾝ(油入変圧器用),油劣化防止剤内蔵(活性ｱﾙﾐﾅ）,1,75,,,,,,,4320 ,145000 
ｵﾌﾟｼｮﾝ(油入変圧器用),油劣化防止剤内蔵(活性ｱﾙﾐﾅ）,1,100,,,,,,,4320 ,145000 
ｵﾌﾟｼｮﾝ(油入変圧器用),油劣化防止剤内蔵(活性ｱﾙﾐﾅ）,1,150,,,,,,,4320 ,145000 
ｵﾌﾟｼｮﾝ(油入変圧器用),油劣化防止剤内蔵(活性ｱﾙﾐﾅ）,1,200,,,,,,,4320 ,145000 
ｵﾌﾟｼｮﾝ(油入変圧器用),油劣化防止剤内蔵(活性ｱﾙﾐﾅ）,1,300,,,,,,,6520 ,219000 
ｵﾌﾟｼｮﾝ(油入変圧器用),油劣化防止剤内蔵(活性ｱﾙﾐﾅ）,1,500,,,,,,,6520 ,219000 
ｵﾌﾟｼｮﾝ(油入変圧器用),油劣化防止剤内蔵(活性ｱﾙﾐﾅ）,1,750,,,,,,,10880 ,365000 
ｵﾌﾟｼｮﾝ(油入変圧器用),油劣化防止剤内蔵(活性ｱﾙﾐﾅ）,1,1000,,,,,,,10880 ,365000 
ｵﾌﾟｼｮﾝ(油入変圧器用),油劣化防止剤内蔵(活性ｱﾙﾐﾅ）,1,1500,,,,,,,17280 ,579000 
ｵﾌﾟｼｮﾝ(油入変圧器用),油劣化防止剤内蔵(活性ｱﾙﾐﾅ）,1,2000,,,,,,,17280 ,579000 
ｵﾌﾟｼｮﾝ(油入変圧器用),油劣化防止剤内蔵(活性ｱﾙﾐﾅ）,3,10,,,,,,,2200 ,74000 
ｵﾌﾟｼｮﾝ(油入変圧器用),油劣化防止剤内蔵(活性ｱﾙﾐﾅ）,3,20,,,,,,,2200 ,74000 
ｵﾌﾟｼｮﾝ(油入変圧器用),油劣化防止剤内蔵(活性ｱﾙﾐﾅ）,3,30,,,,,,,2200 ,74000 
ｵﾌﾟｼｮﾝ(油入変圧器用),油劣化防止剤内蔵(活性ｱﾙﾐﾅ）,3,50,,,,,,,2200 ,74000 
ｵﾌﾟｼｮﾝ(油入変圧器用),油劣化防止剤内蔵(活性ｱﾙﾐﾅ）,3,75,,,,,,,4320 ,145000 
ｵﾌﾟｼｮﾝ(油入変圧器用),油劣化防止剤内蔵(活性ｱﾙﾐﾅ）,3,100,,,,,,,4320 ,145000 
ｵﾌﾟｼｮﾝ(油入変圧器用),油劣化防止剤内蔵(活性ｱﾙﾐﾅ）,3,150,,,,,,,4320 ,145000 
ｵﾌﾟｼｮﾝ(油入変圧器用),油劣化防止剤内蔵(活性ｱﾙﾐﾅ）,3,200,,,,,,,4320 ,145000 
ｵﾌﾟｼｮﾝ(油入変圧器用),油劣化防止剤内蔵(活性ｱﾙﾐﾅ）,3,300,,,,,,,6520 ,219000 
ｵﾌﾟｼｮﾝ(油入変圧器用),油劣化防止剤内蔵(活性ｱﾙﾐﾅ）,3,500,,,,,,,6520 ,219000 
ｵﾌﾟｼｮﾝ(油入変圧器用),油劣化防止剤内蔵(活性ｱﾙﾐﾅ）,3,750,,,,,,,10880 ,365000 
ｵﾌﾟｼｮﾝ(油入変圧器用),油劣化防止剤内蔵(活性ｱﾙﾐﾅ）,3,1000,,,,,,,10880 ,365000 
ｵﾌﾟｼｮﾝ(油入変圧器用),油劣化防止剤内蔵(活性ｱﾙﾐﾅ）,3,1500,,,,,,,17280 ,579000 
ｵﾌﾟｼｮﾝ(油入変圧器用),油劣化防止剤内蔵(活性ｱﾙﾐﾅ）,3,2000,,,,,,,17280 ,579000 
ｵﾌﾟｼｮﾝ(油入変圧器用),予備銘板,1,10,,,,,,,標準装備,標準装備
ｵﾌﾟｼｮﾝ(油入変圧器用),予備銘板,1,20,,,,,,,標準装備,標準装備
ｵﾌﾟｼｮﾝ(油入変圧器用),予備銘板,1,30,,,,,,,標準装備,標準装備
ｵﾌﾟｼｮﾝ(油入変圧器用),予備銘板,1,50,,,,,,,標準装備,標準装備
ｵﾌﾟｼｮﾝ(油入変圧器用),予備銘板,1,75,,,,,,,標準装備,標準装備
ｵﾌﾟｼｮﾝ(油入変圧器用),予備銘板,1,100,,,,,,,標準装備,標準装備
ｵﾌﾟｼｮﾝ(油入変圧器用),予備銘板,1,150,,,,,,,標準装備,標準装備
ｵﾌﾟｼｮﾝ(油入変圧器用),予備銘板,1,200,,,,,,,標準装備,標準装備
ｵﾌﾟｼｮﾝ(油入変圧器用),予備銘板,1,300,,,,,,,標準装備,標準装備
ｵﾌﾟｼｮﾝ(油入変圧器用),予備銘板,1,500,,,,,,,標準装備,標準装備
ｵﾌﾟｼｮﾝ(油入変圧器用),予備銘板,1,750,,,,,,,標準装備,標準装備
ｵﾌﾟｼｮﾝ(油入変圧器用),予備銘板,1,1000,,,,,,,標準装備,標準装備
ｵﾌﾟｼｮﾝ(油入変圧器用),予備銘板,1,1500,,,,,,,920 ,31000 
ｵﾌﾟｼｮﾝ(油入変圧器用),予備銘板,1,2000,,,,,,,920 ,31000 
ｵﾌﾟｼｮﾝ(油入変圧器用),予備銘板,3,10,,,,,,,標準装備,標準装備
ｵﾌﾟｼｮﾝ(油入変圧器用),予備銘板,3,20,,,,,,,標準装備,標準装備
ｵﾌﾟｼｮﾝ(油入変圧器用),予備銘板,3,30,,,,,,,標準装備,標準装備
ｵﾌﾟｼｮﾝ(油入変圧器用),予備銘板,3,50,,,,,,,標準装備,標準装備
ｵﾌﾟｼｮﾝ(油入変圧器用),予備銘板,3,75,,,,,,,標準装備,標準装備
ｵﾌﾟｼｮﾝ(油入変圧器用),予備銘板,3,100,,,,,,,標準装備,標準装備
ｵﾌﾟｼｮﾝ(油入変圧器用),予備銘板,3,150,,,,,,,標準装備,標準装備
ｵﾌﾟｼｮﾝ(油入変圧器用),予備銘板,3,200,,,,,,,標準装備,標準装備
ｵﾌﾟｼｮﾝ(油入変圧器用),予備銘板,3,300,,,,,,,標準装備,標準装備
ｵﾌﾟｼｮﾝ(油入変圧器用),予備銘板,3,500,,,,,,,標準装備,標準装備
ｵﾌﾟｼｮﾝ(油入変圧器用),予備銘板,3,750,,,,,,,標準装備,標準装備
ｵﾌﾟｼｮﾝ(油入変圧器用),予備銘板,3,1000,,,,,,,標準装備,標準装備
ｵﾌﾟｼｮﾝ(油入変圧器用),予備銘板,3,1500,,,,,,,920 ,31000 
ｵﾌﾟｼｮﾝ(油入変圧器用),予備銘板,3,2000,,,,,,,920 ,31000 
